ID,Name,Cost,Type,Race,Rarity,Attack,Health,Tribe,Keywords,Card Text,Flavor Text,Collectible,Set,Has Starforge,Starforge Text
cog_m1,Sparktinkerer,1,MINION,COGSMITHS,COMMON,1,2,MECH,LAST_WORDS,LAST WORDS: Deal 1 damage to a random enemy.,Built it in a cave! With a box of asteroid scraps!,true,CORE,NO,
cog_m2,Blast Beetle,1,MINION,COGSMITHS,COMMON,2,1,MECH,LAST_WORDS,LAST WORDS: Deal 1 damage to a random enemy.,It\,true,CORE,NO,
cog_m3,Fuse Lighter,1,MINION,COGSMITHS,COMMON,1,1,,DEPLOY; LAST_WORDS,DEPLOY: Give a friendly Mech LAST WORDS: Deal 2 damage to a random enemy.,She doesn\,true,CORE,NO,
cog_s1,Cobalt Capacitor,1,SPELL,COGSMITHS,COMMON,,,,,"Deal 2 damage. If the target dies, deal 2 damage to a random enemy.",Step 1: Charge it. Step 2: Throw it. Step 3: There is no Step 3. You\,true,CORE,NO,
cog_s2,Scrap Grenade,1,SPELL,COGSMITHS,COMMON,,,,,Deal 1 damage to all enemy minions.,Gnomish recycling: turn yesterday\,true,CORE,NO,
cog_m4,Boom Cog,2,MINION,COGSMITHS,COMMON,2,2,MECH,LAST_WORDS,LAST WORDS: Deal 2 damage to a random enemy.,Tick. Tick. Tick. Tick. SURPRISE! ...Why is nobody ever surprised?,true,CORE,NO,
cog_m5,Tinker\,2,MINION,COGSMITHS,COMMON,2,3,MECH,LAST_WORDS,LAST WORDS: Add a random 1-cost Mech to your hand.,"Fetch me the 9/16ths cosmic wrench! No, the OTHER 9/16ths cosmic wrench! The one that\",true,CORE,NO,
cog_m6,Nebula Welder,2,MINION,COGSMITHS,COMMON,1,4,MECH,GUARDIAN,GUARDIAN. End of Turn: Deal 1 damage to a random enemy.,Welds hulls with star-stuff. Three OSHA violations per spark. Worth it.,true,CORE,NO,
cog_s3,Volatile Payload,2,SPELL,COGSMITHS,COMMON,,,,LAST_WORDS,Give a friendly minion LAST WORDS: Deal 3 damage to a random enemy.,"Careful, it\",true,CORE,NO,
cog_s4,Assembly Line,2,SPELL,COGSMITHS,COMMON,,,,LAST_WORDS,Summon two 1/1 Spark-Bots with LAST WORDS: Deal 1 damage to a random enemy.,Two for the price of two. Both explode free of charge! Volume discounts on volume explosions!,true,CORE,NO,
cog_m7,Galactic Sapper,3,MINION,COGSMITHS,COMMON,3,2,MECH,LAST_WORDS,LAST WORDS: Deal 2 damage to two random enemies.,"Plants demolition charges on planets. Yes, WHOLE planets. The paperwork is surprisingly short.",true,CORE,NO,
cog_m8,Cogwork Detonator,3,MINION,COGSMITHS,COMMON,2,4,MECH,LAST_WORDS,LAST WORDS: Deal damage equal to this minion\,Gnomish engineering rule #1: the bigger they build \,true,CORE,NO,
cog_m9,Wrench Gnome,3,MINION,COGSMITHS,COMMON,2,3,,DEPLOY,DEPLOY: Give a friendly Mech +2 Attack.,Percussive maintenance is a 400-year gnomish tradition. You hit it till it works or catches fire.,true,CORE,NO,
cog_s5,Plasma Cutter,3,SPELL,COGSMITHS,COMMON,,,,,"Deal 4 damage. If the target is a Mech, deal 6 instead.",Cuts through hull plating like cosmic butter. Don\,true,CORE,NO,
cog_s6,Containment Breach,3,SPELL,COGSMITHS,COMMON,,,,,Destroy a friendly Mech. Trigger its LAST WORDS twice.,Safety Protocol 7: There IS no Safety Protocol 7. That\,true,CORE,NO,
cog_m10,Salvage Crawler,3,MINION,COGSMITHS,COMMON,3,3,MECH,SALVAGE; LAST_WORDS,SALVAGE. (LAST WORDS: Draw a card.),One gnome\,true,CORE,NO,
cog_m11,Gyro Sentinel,3,MINION,COGSMITHS,COMMON,3,4,MECH,BARRIER,BARRIER.,"Spins at 40,000 RPM. Deflects lasers, plasma bolts, AND constructive criticism.",true,CORE,NO,
cog_m12,Rocket Rat,3,MINION,COGSMITHS,COMMON,4,2,MECH,SWIFT; LAST_WORDS,SWIFT. LAST WORDS: Deal 1 damage to a random enemy.,It\,true,CORE,NO,
cog_m13,Star-Smelter,4,MINION,COGSMITHS,COMMON,3,5,MECH,LAST_WORDS,LAST WORDS: Deal 3 damage split randomly among all enemies.,Forged IN a star. Explodes LIKE a star. The gnomes consider this peak engineering.,true,CORE,NO,
cog_m14,Turret Deployer,4,MINION,COGSMITHS,COMMON,3,4,,DEPLOY; LAST_WORDS,DEPLOY: Summon a 2/2 Boom Turret with LAST WORDS: Deal 2 damage to a random enemy.,Some assembly required. Disassembly is automatic. Usually involuntary.,true,CORE,NO,
cog_s7,Power Core,4,SPELL,COGSMITHS,COMMON,,,,,"Draw 2 cards. If you control a Mech, draw 3 instead.",It\,true,CORE,NO,
cog_s8,Overcharge,3,SPELL,COGSMITHS,COMMON,,,,SWIFT,"Give a Mech +3 Attack and SWIFT this turn. When it dies this turn, trigger its LAST WORDS twice.",MAXIMUM POWER! MAXIMUM LIABILITY! MAXIMUM FUN! ...Minimum survivors.,true,CORE,NO,
cog_m15,Iron Rampart,4,MINION,COGSMITHS,COMMON,2,7,MECH,GUARDIAN; UPGRADE,GUARDIAN. UPGRADE (2): Gain +3/+3.,They shall not pass. Mostly because it\,true,CORE,NO,
cog_m16,Chrome Charger,5,MINION,COGSMITHS,COMMON,5,4,MECH,BLITZ; LAST_WORDS,BLITZ. LAST WORDS: Deal 2 damage to a random enemy.,Zero to lightspeed in zero seconds. Stopping takes... significantly longer.,true,CORE,NO,
cog_m17,Cranky Mechanic,5,MINION,COGSMITHS,COMMON,4,5,,DEPLOY; LAST_WORDS,DEPLOY: Give all friendly Mechs LAST WORDS: Deal 1 damage to a random enemy.,Touch my wrench and I\,true,CORE,NO,
cog_m18,Furnace Golem,5,MINION,COGSMITHS,COMMON,5,4,MECH,UPGRADE,UPGRADE (2): Gain BARRIER and +2/+2.,Runs on compressed starfire. Handle with care. Or don\,true,CORE,NO,
cog_s9,Munitions Stockpile,5,SPELL,COGSMITHS,COMMON,,,,,Deal 2 damage to all enemy minions. Deal 1 more for each friendly minion with LAST WORDS.,Inventory: full. Safety inspector: still missing. Morale: through the roof. (The roof is also missing.),true,CORE,NO,
cog_s10,Exhaust Cannon,6,SPELL,COGSMITHS,COMMON,,,,,Deal 4 damage to all enemies. Deal 2 more for each Mech you control.,Fire EVERYTHING. Then fire the things that fire everything. Then fire the guy who didn\,true,CORE,NO,
cog_m19,Bronze Colossus,6,MINION,COGSMITHS,COMMON,5,7,MECH,GUARDIAN; UPGRADE,GUARDIAN. UPGRADE (3): Gain DOUBLE STRIKE.,Big. Bronze. Stuffed with enough ordnance to crack a moon. Beautiful.,true,CORE,NO,
cog_m20,War Machine,7,MINION,COGSMITHS,COMMON,7,6,MECH,SWIFT; LAST_WORDS,SWIFT. LAST WORDS: Deal 4 damage to all enemies.,Diplomacy was never an option. Neither was \,true,CORE,NO,
cog_m21,Detonation Specialist,3,MINION,COGSMITHS,RARE,2,4,,,Your LAST WORDS effects deal 2 more damage.,PhD in Applied Explosions from the Galactic Institute of Kaboom. Minor in Running Away.,true,CORE,NO,
cog_m22,Gear Master,4,MINION,COGSMITHS,RARE,3,5,,,Your Mechs cost (1) less and have +1 Attack.,He doesn\,true,CORE,NO,
cog_st1,Chain Reaction Module,4,STRUCTURE,COGSMITHS,RARE,,,,,Whenever a friendly minion\,Action → Reaction → Catastrophe → Invoice.,true,CORE,NO,
cog_st2,Reclamation Bay,3,STRUCTURE,COGSMITHS,RARE,,,,,"Whenever a friendly Mech dies, add a copy of it to your hand. It costs (1) more.",Nothing stays dead on Mechronis. It just gets a higher price tag and a fresh coat of soot.,true,CORE,NO,
cog_s11,Chromatic Alloy,2,SPELL,COGSMITHS,RARE,,,,,Give a Mech +1/+1 for each other Mech you control.,Strength in numbers. Explosions in BIGGER numbers.,true,CORE,NO,
cog_s12,Emergency Protocol,4,SPELL,COGSMITHS,RARE,,,,BARRIER,Give all friendly Mechs BARRIER and +2 Health.,"SHIELDS UP! Oh wait, those are bombs. BOMBS UP! Wait, that\",true,CORE,NO,
cog_m23,Overclocked Engine,5,MINION,COGSMITHS,RARE,4,6,MECH,DOUBLE_STRIKE; UPGRADE,DOUBLE STRIKE. UPGRADE (3): Gain +3 Attack.,The warranty voided itself. Out of fear. The warranty ITSELF was afraid.,true,CORE,NO,
cog_st3,Tesla Coil,5,STRUCTURE,COGSMITHS,RARE,,,,,End of Turn: Deal 2 damage to a random enemy for each Mech you control.,Zap. ZAP. ZAP ZAP ZAP. The gnomes left the dial at \,true,CORE,NO,
cog_m24,Salvage Operative,4,MINION,COGSMITHS,RARE,3,3,MECH,SALVAGE; LAST_WORDS,SALVAGE. LAST WORDS: Summon a 3/3 Boom-Bot with LAST WORDS: Deal 3 damage to a random enemy.,"Dies, draws, deploys, detonates. The gnomish circle of life.",true,CORE,NO,
cog_s13,Galvanize,6,SPELL,COGSMITHS,RARE,,,,SWIFT,Give all friendly Mechs +3/+3 and SWIFT.,LET\,true,CORE,NO,
cog_m25,Titan Assembler,6,MINION,COGSMITHS,RARE,5,5,,DEPLOY,DEPLOY: Summon a copy of a random friendly Mech.,"CTRL+C, CTRL+V, CTRL+KABOOM. Standard gnomish keyboard shortcut.",true,CORE,NO,
cog_s14,Disassemble,5,SPELL,COGSMITHS,RARE,,,,,"Destroy a minion. If it was a Mech, trigger all friendly LAST WORDS effects.",Deconstructive criticism. Heavy emphasis on the \,true,CORE,NO,
cog_s15,Neutron Bomb,7,SPELL,COGSMITHS,RARE,,,,,Destroy ALL minions. Trigger all friendly LAST WORDS effects.,"When in doubt, nuke from orbit. Gnomish proverb. Also gnomish Tuesday.",true,CORE,NO,
cog_m26,Mech Fabricator,7,MINION,COGSMITHS,RARE,4,8,MECH,DEPLOY; LAST_WORDS,DEPLOY: Fill your hand with 1/1 Spark-Bots that cost (0). They have LAST WORDS: Deal 1 damage to a random enemy.,Loading... loading... ARMING... arming... Done! Your hand is now a minefield! You\,true,CORE,NO,
cog_m27,Ironclad Behemoth,7,MINION,COGSMITHS,RARE,7,7,MECH,GUARDIAN; BARRIER,GUARDIAN. BARRIER.,The immovable object. Also rigged to explode if you make eye contact.,true,CORE,NO,
cog_m28,Goblin Sapper Squad,3,MINION,COGSMITHS,RARE,1,1,,LAST_WORDS; DEPLOY,DEPLOY: Summon two 1/1 Goblin Sappers with LAST WORDS: Deal 2 damage to a random enemy. LAST WORDS: Deal 2 damage to a random enemy.,Three gnomes. Six sticks of dynamite. Zero plan.,true,CORE,NO,
cog_s16,Retrofit,2,SPELL,COGSMITHS,RARE,,,,LAST_WORDS,Give a friendly Mech +0/+3 and LAST WORDS: Deal damage equal to this minion\,"New armor, new purpose, new blast radius.",true,CORE,NO,
cog_st4,Cosmic Junkyard,4,STRUCTURE,COGSMITHS,RARE,,,,LAST_WORDS,"Whenever a friendly Mech dies, summon a 1/1 Spark-Bot with LAST WORDS: Deal 1 damage to a random enemy.",Nothing goes to waste. Everything goes to BOOM.,true,CORE,NO,
cog_s17,Aftershock Plating,3,SPELL,COGSMITHS,RARE,,,,,Give a friendly Mech +2/+2. Its LAST WORDS trigger an additional time.,Built-in redundancy. The explosion has a backup explosion.,true,CORE,NO,
cog_m29,Orbital Bombardier,5,MINION,COGSMITHS,RARE,4,4,MECH,DEPLOY; LAST_WORDS,DEPLOY: Deal 2 damage to a random enemy. LAST WORDS: Deal 3 damage to two random enemies.,"Arrives loud. Leaves louder. The neighbors have filed 7,000 complaints.",true,CORE,NO,
cog_m30,NITROGLYCOGNOME,2,MINION,COGSMITHS,EPIC,1,1,,LAST_WORDS,LAST WORDS: Deal 5 damage to a random enemy and 2 damage to your hero.,He\,true,CORE,NO,
cog_st5,ASTRAL ANVIL,4,STRUCTURE,COGSMITHS,EPIC,,,,,Your Mechs have +1/+1 and their LAST WORDS deal double damage.,Forged from a dying star by a gnome who asked \,true,CORE,NO,
cog_s18,DOOMSDAY PROTOCOL,6,SPELL,COGSMITHS,EPIC,,,,,Destroy all friendly Mechs. Trigger each of their LAST WORDS three times.,In case of emergency: CAUSE BIGGER EMERGENCIES. In case of bigger emergencies: see page 1.,true,CORE,NO,
cog_m31,COSMIC REASSEMBLER,5,MINION,COGSMITHS,EPIC,3,5,MECH,LAST_WORDS,LAST WORDS: Resummon this minion with -1/-1. (Minimum 1/1. Retains LAST WORDS.),You can\,true,CORE,NO,
cog_st6,CLUSTER BOMB ARRAY,3,STRUCTURE,COGSMITHS,EPIC,,,,,"Whenever a friendly Mech dies, deal 3 damage split randomly among all enemies.","For every action, there is an equal and opposite explosion. This is not Newton\",true,CORE,NO,
cog_m32,GNOMECHANIC PRIME,6,MINION,COGSMITHS,LEGENDARY,4,5,MECH,LAST_WORDS,STARFORGE -- After 6 friendly LAST WORDS trigger: Transform into GNOMECHANIC OMEGA -- 8/10. ALL friendly LAST WORDS trigger THREE times. LAST WORDS: Deal 10 damage to ALL enemies.,Chief Engineer. Chief Demolitionist. She doesn\,true,CORE,YES,
cog_m33,THE INFINITY COIL,8,MINION,COGSMITHS,LEGENDARY,0,8,MECH,LAST_WORDS,STARFORGED -- enhanced. Gains enhanced abilities and BARRIER.,Infinite bots. Infinite explosions. Infinite fun. The gnomish definition of \,true,CORE,YES,
cog_m34,CONSTRUCTOR SUPREME,9,MINION,COGSMITHS,LEGENDARY,7,7,,DEPLOY; LAST_WORDS,STARFORGED -- 11/11. Gains enhanced abilities and BARRIER.,She doesn\,true,CORE,YES,
cog_m35,ADMIRAL BOOMSWORTH III,5,MINION,COGSMITHS,LEGENDARY,3,4,,DEPLOY; LAST_WORDS,STARFORGED -- 7/8. Gains enhanced abilities and BARRIER.,His middle name is literally \,true,CORE,YES,
cog_m36,THE GRAND DETONATOR,10,MINION,COGSMITHS,LEGENDARY,8,8,MECH,BLITZ; LAST_WORDS,STARFORGED -- 12/12. Gains enhanced abilities and BARRIER.,The gnomes\,true,CORE,YES,
lum_m1,Luminar Acolyte,1,MINION,LUMINAR,COMMON,1,3,,ILLUMINATE,ILLUMINATE: Gain +1 Attack.,Prays for strength. Gets it. Immediately. Luminar customer service is INSTANT. Zero wait time. Infinite light.,true,CORE,NO,
lum_m2,Sunbeam Sprite,1,MINION,LUMINAR,COMMON,1,2,ELEMENTAL,ILLUMINATE,ILLUMINATE: Draw a card.,It\,true,CORE,NO,
lum_m3,Glowing Moth,1,MINION,LUMINAR,COMMON,1,1,ELEMENTAL,BARRIER; ILLUMINATE,BARRIER. ILLUMINATE: Gain +2/+2.,Drawn to the light. IS the light. Heal once and it\,true,CORE,NO,
lum_s1,Luminar Blessing,1,SPELL,LUMINAR,COMMON,,,,,Give a minion +1/+2. Restore 1 Health to your Hero.,"A tiny prayer. A tiny heal. But the heal triggers ILLUMINATE across your ENTIRE board. Tiny prayer, ENORMOUS consequences.",true,CORE,NO,
lum_s2,Radiant Shield,1,SPELL,LUMINAR,COMMON,,,,BARRIER,Give a minion +0/+3 and BARRIER. Restore 1 Health to your Hero.,Shield up. Health up. ILLUMINATE fires everywhere. One mana does three jobs. Luminar efficiency at its finest.,true,CORE,NO,
lum_m4,Dawn Priest,2,MINION,LUMINAR,COMMON,2,3,,DEPLOY,DEPLOY: Restore 3 Health to your Hero.,Rise and shine! Three health restored. Every ILLUMINATE on your board triggers. She\,true,CORE,NO,
lum_m5,Luminar Cleric,2,MINION,LUMINAR,COMMON,2,2,,DEPLOY,DEPLOY: Restore 2 Health to all friendly minions.,"Group therapy, Luminar style. Heals everyone. Triggers every ILLUMINATE on the board simultaneously. She\",true,CORE,NO,
lum_m6,Pilgrim of Light,2,MINION,LUMINAR,COMMON,1,4,,,"Whenever your Hero is healed, gain +1/+1.","Every heal makes him bigger. Permanently. Drop him Turn 2, heal three times, he\",true,CORE,NO,
lum_s3,Sanctify,2,SPELL,LUMINAR,COMMON,,,,,Restore 3 Health to a minion. Give it +1/+1.,"Blessed AND buff. The Luminar workout plan: pray, heal, get jacked. Repeat until enormous.",true,CORE,NO,
lum_s4,Blessed Arrow,2,SPELL,LUMINAR,COMMON,,,,,"Deal 2 damage. If your Hero is at full Health, deal 4 instead.",The Luminar reward for staying healthy: hitting TWICE as hard. Full health isn\,true,CORE,NO,
lum_m7,Lightsworn Guardian,3,MINION,LUMINAR,COMMON,2,5,,GUARDIAN; ILLUMINATE,GUARDIAN. ILLUMINATE: Gain +1/+1.,Every heal pumps him. By Turn 6 he\,true,CORE,NO,
lum_m8,Penitent Monk,3,MINION,LUMINAR,COMMON,3,3,,DRAIN,DRAIN. (Heals your Hero for damage dealt.),He punches you AND feels better about it. Three damage dealt. Three health restored. ILLUMINATE triggers. Violence IS self-care.,true,CORE,NO,
lum_m9,Beacon of Hope,3,MINION,LUMINAR,COMMON,2,4,,,End of Turn: Restore 2 Health to your Hero. Trigger all friendly ILLUMINATE effects.,Always on. Never dims. GUARANTEED ILLUMINATE every single turn. The beacon doesn\,true,CORE,NO,
lum_s5,Purifying Light,3,SPELL,LUMINAR,COMMON,,,,,Restore 4 Health to your Hero. Draw a card.,Cleanses the body. Enlightens the mind. Four health AND a card. Plus every ILLUMINATE on your board fires. Sunrise in a bottle.,true,CORE,NO,
lum_s6,Sunforged Blade,3,SPELL,LUMINAR,COMMON,,,,DRAIN,Give a minion +3 Attack and DRAIN this turn.,Forged in starfire. The DRAIN heals you. The heal triggers ILLUMINATE. One buff cascades into EVERYTHING.,true,CORE,NO,
lum_m10,Halo Sentinel,3,MINION,LUMINAR,COMMON,3,5,,BARRIER,BARRIER.,The halo isn\,true,CORE,NO,
lum_m11,Daybreak Charger,4,MINION,LUMINAR,COMMON,4,3,,SWIFT; ILLUMINATE,SWIFT. ILLUMINATE: Gain +1 Health and DRAIN.,Charges at dawn. Noon. Dusk. Whenever. SWIFT lets it hit immediately. ILLUMINATE gives DRAIN. So hitting HEALS you. So the cycle NEVER stops.,true,CORE,NO,
lum_m12,Radiance Weaver,4,MINION,LUMINAR,COMMON,3,4,,,"After you cast a healing spell, summon a 2/2 Light Elemental with ILLUMINATE: Gain +1/+1.",Knits soldiers out of sunlight. Every healing spell spawns a minion. Every minion has ILLUMINATE. The army builds ITSELF.,true,CORE,NO,
lum_s7,Solar Flare,4,SPELL,LUMINAR,COMMON,,,,,Deal 3 damage to all enemy minions. Restore 1 Health to your Hero.,"SPF 10,000 recommended. AoE AND a heal. The heal triggers ILLUMINATE. Burning enemies and buffing allies in ONE card.",true,CORE,NO,
lum_s8,Blinding Burst,4,SPELL,LUMINAR,COMMON,,,,,Deal 2 damage to all enemies. Restore 2 Health to your Hero.,Flash photography is strictly mandatory. Two to everything they have. Two health back for you. All ILLUMINATE effects fire.,true,CORE,NO,
lum_m13,Cathedral Guard,5,MINION,LUMINAR,COMMON,4,6,,GUARDIAN; DRAIN,GUARDIAN. DRAIN.,No entry. No exceptions. DRAIN means every attack heals you. Heals trigger ILLUMINATE. The guard NEVER stops generating value.,true,CORE,NO,
lum_m14,Luminar Templar,5,MINION,LUMINAR,COMMON,5,5,,ILLUMINATE; GUARDIAN,ILLUMINATE: Gain GUARDIAN and +0/+3.,One heal: 5/8 GUARDIAN. Two heals: 5/11 GUARDIAN. The light is his armor AND his growth hormone. Luminar templars only get THICKER.,true,CORE,NO,
lum_s9,Consecrate,5,SPELL,LUMINAR,COMMON,,,,,Restore 5 Health to your Hero. Give all friendly minions +1/+1.,Everything is blessed now. Five health back. Board-wide buff. Every ILLUMINATE fires. The Luminar don\,true,CORE,NO,
lum_m15,Martyr\,5,MINION,LUMINAR,COMMON,3,6,,LAST_WORDS,LAST WORDS: Restore 5 Health to your Hero and trigger all friendly ILLUMINATE effects twice.,Her sacrifice is your salvation. Kill her and your hero heals AND every crystal on board lights up TWICE. Death is just her final sermon.,true,CORE,NO,
lum_m16,Luminar Crusader,6,MINION,LUMINAR,COMMON,6,6,,BARRIER; ILLUMINATE,BARRIER. ILLUMINATE: Gain +2/+2.,FOR THE LIGHT! And also cardio. A 6/6 with BARRIER that grows +2/+2 per heal. After two heals it\,true,CORE,NO,
lum_s10,Holy Nova,6,SPELL,LUMINAR,COMMON,,,,,Deal 3 damage to all enemies. Restore 3 Health to all friendly characters.,BOOM. But a HOLY boom. Three to everything they have. Three back to everything YOU have. All ILLUMINATE triggers fire. Sacred symmetry.,true,CORE,NO,
lum_m17,Sunlit Protector,7,MINION,LUMINAR,COMMON,6,7,,GUARDIAN; BARRIER; ILLUMINATE,GUARDIAN. BARRIER. ILLUMINATE: Gain DOUBLE STRIKE.,Stands in the light. IS the light. One heal gives DOUBLE STRIKE. A 6/7 GUARDIAN BARRIER DOUBLE STRIKE is called \,true,CORE,NO,
lum_s11,Dawn\,7,SPELL,LUMINAR,COMMON,,,,,Fully restore your Hero\,A sunrise so powerful it heals EVERYTHING. Full health. Double ILLUMINATE across your entire board. The ultimate Luminar reset button.,true,CORE,NO,
lum_m18,Luminous Wisp,1,MINION,LUMINAR,COMMON,0,2,ELEMENTAL,,End of Turn: Restore 1 Health to your Hero.,Smol. Bright. Useful. Free heal every turn means free ILLUMINATE trigger every turn. The 0/2 that powers your entire engine.,true,CORE,NO,
lum_st1,Hallowed Ground,3,STRUCTURE,LUMINAR,COMMON,,,,,Your healing effects restore 2 additional Health. ILLUMINATE effects trigger an additional time.,Even the ground is holy. Every heal is bigger. Every ILLUMINATE fires twice. The Luminar sanctified the FLOOR.,true,CORE,NO,
lum_m19,High Priestess of Light,4,MINION,LUMINAR,RARE,3,5,,,"Whenever you heal a character, give a random friendly minion +1/+1. If you healed to FULL, give +2/+2 instead.",She speaks for the light. The light says BUFF. Full-health heals get DOUBLE buffs. The Luminar reward you for being healthy AND staying healthy.,true,CORE,NO,
lum_s12,Divine Intervention,5,SPELL,LUMINAR,RARE,,,,BARRIER; GUARDIAN,Fully restore a minion\,The light provides. And provides. Your wounded 3/1 is now a 5/full-health BARRIER GUARDIAN. Miraculous? That\,true,CORE,NO,
lum_m20,Radiant Aegis,3,MINION,LUMINAR,RARE,2,6,,GUARDIAN; ILLUMINATE,GUARDIAN. ILLUMINATE: Gain BARRIER.,Every heal refreshes the shield. Kill BARRIER? Heal. It\,true,CORE,NO,
lum_s13,Luminar Judgment,7,SPELL,LUMINAR,RARE,,,,,Deal damage to all enemies equal to the total Health you\,The Luminar remember every kindness. And repay it VIOLENTLY. Healed 12 health across the game? TWELVE to the face of everything. The light keeps receipts.,true,CORE,NO,
lum_m21,Lightbringer,5,MINION,LUMINAR,RARE,4,4,,,"Your healing spells cost (1) less. Whenever you cast a healing spell, restore 2 Health to your Hero.",Discount divinity. Every heal spell is cheaper AND heals your hero as a bonus. She makes the Luminar engine run FASTER.,true,CORE,NO,
lum_st2,Chalice of Renewal,4,STRUCTURE,LUMINAR,RARE,,,,,Start of Turn: Restore 3 Health to your Hero and trigger all friendly ILLUMINATE effects.,Sip. Heal. Trigger everything. Every turn. Automatically. The holy happy hour never ends. The Luminar\,true,CORE,NO,
lum_m22,Empyreal Knight,6,MINION,LUMINAR,RARE,5,6,,BARRIER; DEPLOY,BARRIER. DEPLOY: Restore 3 Health to all friendly characters. Give each healed minion +1/+1.,Arrives in style. Heals on impact. Every minion healed gets +1/+1. Board-wide heal AND buff in one shiny Luminar package.,true,CORE,NO,
lum_s14,Absolution,3,SPELL,LUMINAR,RARE,,,,,Destroy a minion with 3 or less Attack. Restore Health equal to its Health to your Hero.,"Forgiven. Then deleted. A 2/5 dies, you heal 5. ILLUMINATE fires. Luminar removal that fuels your ENTIRE strategy.",true,CORE,NO,
lum_m23,Sunfire Phoenix,5,MINION,LUMINAR,RARE,4,4,ELEMENTAL,DRAIN; LAST_WORDS,DRAIN. LAST WORDS: Restore 4 Health to your Hero and summon a 2/2 Sunfire Hatchling with DRAIN.,Burns bright. Dies bright. Heals bright. The hatchling continues the work. Luminar birds don\,true,CORE,NO,
lum_m24,Celestial Choir,6,MINION,LUMINAR,RARE,3,3,,DEPLOY,DEPLOY: Summon two 2/2 Light Elementals with ILLUMINATE: Gain +1/+1. Restore 3 Health to your Hero.,Three-part harmony. Four-part destruction. Three bodies enter. All ILLUMINATE fires. The choir sings and the board GLOWS.,true,CORE,NO,
lum_s15,Resurrect,7,SPELL,LUMINAR,RARE,,,,BARRIER,Summon a random friendly minion that died this game. Restore it to full Health. Give it BARRIER.,Back from the dead. VERY well-rested. Full health. BARRIER. The Luminar don\,true,CORE,NO,
lum_m25,Beacon of Judgment,6,MINION,LUMINAR,RARE,4,7,,GUARDIAN,"GUARDIAN. Whenever this minion is healed, deal 2 damage to a random enemy.",Heal me and watch them BURN. Every point of healing = 2 damage to their board. A GUARDIAN that weaponizes health. The Luminar\,true,CORE,NO,
lum_m26,Luminar Paladin,4,MINION,LUMINAR,RARE,3,4,,BARRIER; SWIFT,BARRIER. SWIFT.,"Fast, shiny, ready to rumble. BARRIER eats the retaliation. SWIFT means it already HIT. Luminar justice doesn\",true,CORE,NO,
lum_st3,Eternal Flame,3,STRUCTURE,LUMINAR,RARE,1,1,,,"Whenever a friendly minion with ILLUMINATE dies, summon a 2/2 Light Elemental with ILLUMINATE: Gain +1/+1.",The light never truly goes out. Kill an ILLUMINATE minion? Another spawns. With ILLUMINATE. Kill THAT? Another. The Luminar PERSIST.,true,CORE,NO,
lum_s16,Overheal,4,SPELL,LUMINAR,RARE,,,,,"Restore 5 Health to your Hero. If already at full Health, deal 5 damage to a random enemy instead.",Full health? The overflow becomes WRATH. The light has nowhere to go but INTO YOUR OPPONENT\,true,CORE,NO,
lum_m27,Wrathguard Templar,5,MINION,LUMINAR,RARE,4,5,,ILLUMINATE,ILLUMINATE: Deal 2 damage to a random enemy.,Every heal hurts someone. ILLUMINATE doesn\,true,CORE,NO,
lum_s17,Mending Tide,3,SPELL,LUMINAR,RARE,,,,,"Restore 2 Health to all friendly characters. If you have 3+ minions, draw 2 cards.",Board-wide heal. Wide board? Two bonus cards. ILLUMINATE fires across everything. The tide lifts ALL Luminar ships.,true,CORE,NO,
lum_m28,Solar Lancer,4,MINION,LUMINAR,RARE,4,3,,SWIFT; DRAIN,SWIFT. DRAIN.,Hits fast. Heals on impact. DRAIN feeds your Hero. The heal triggers ILLUMINATE. Solar Lancer doesn\,true,CORE,NO,
lum_s18,Righteous Fury,5,SPELL,LUMINAR,RARE,,,,DRAIN,"Give a minion +4/+4 and DRAIN. If your Hero is at full Health, also give it DOUBLE STRIKE.",Massive buff + DRAIN. Full health? DOUBLE STRIKE. The Luminar at full health are TERRIFYING. This is why.,true,CORE,NO,
lum_m29,Blessed Martyr,3,MINION,LUMINAR,RARE,2,4,,LAST_WORDS,LAST WORDS: Give all friendly minions +2/+2 and restore 3 Health to your Hero.,Dies for the cause. The cause gets +2/+2 everywhere AND a heal. Luminar martyrdom: everybody else\,true,CORE,NO,
lum_s19,WRATH OF THE LUMINAR,3,SPELL,LUMINAR,EPIC,,,,,Deal 1 damage to all enemies for each time you\,Every heal you\,true,CORE,NO,
lum_m30,RADIANT FORTRESS,6,MINION,LUMINAR,EPIC,4,10,,GUARDIAN; ILLUMINATE,GUARDIAN. Your Hero can\,A 4/10 GUARDIAN with a divine damage cap. Your hero takes max 3 per hit. Every heal grows the wall THICKER. After two heals it\,true,CORE,NO,
lum_s20,SAINT\,4,SPELL,LUMINAR,EPIC,,,,,Destroy a friendly minion. Deal damage to all enemies equal to its Health. Restore that much Health to your Hero.,Kill your own 3/8. Eight damage to everything. Eight health restored. ILLUMINATE fires everywhere. One sacrifice. Total board wipe. Full heal. The holiest nuke the Luminar ever built. They built it on PURPOSE.,true,CORE,NO,
lum_s21,DIVINE CONVERGENCE,5,SPELL,LUMINAR,EPIC,,,,,"Trigger ALL friendly ILLUMINATE effects three times. For the rest of this turn, whenever you heal, trigger all ILLUMINATE effects an additional time.",Triple ILLUMINATE across your entire board. Then every heal afterward adds ANOTHER full round. Four ILLUMINATE minions? TWELVE immediate triggers. Then every subsequent heal adds FOUR more. The board goes SUPERNOVA.,true,CORE,NO,
lum_m31,ARCHON\,8,MINION,LUMINAR,EPIC,6,8,,BARRIER; GUARDIAN; ILLUMINATE,"STARFORGE -- After healing 30 Health: Transform into ARCHON ASCENDANT -- 12/12, BARRIER, GUARDIAN, DRAIN. ILLUMINATE: Fully heal your Hero. Your healing effects deal equal damage to a random enemy.",Chosen by the Archon. A 6/8 BARRIER GUARDIAN that grows +3/+3 per heal and gains DRAIN. After one heal it\,true,CORE,YES,
lum_m32,"SOLARIUS, THE UNDYING LIGHT",9,MINION,LUMINAR,LEGENDARY,6,10,,BARRIER; DRAIN,"STARFORGE -- After healing 50 total Health: Transform into SOLARIUS ETERNAL -- 10/15, BARRIER, DRAIN, GUARDIAN. End of Turn: Fully heal your Hero and all friendly minions. Your Hero is immune during your opponent\",The light doesn\,true,CORE,YES,
lum_m33,DAWN\,7,MINION,LUMINAR,LEGENDARY,5,5,,DEPLOY,STARFORGED -- 9/9. Gains enhanced abilities and BARRIER.,She saw the end. Then she REWROTE it. Free hero power. Five health per tap. Double ILLUMINATE permanently. The Luminar\,true,CORE,YES,
lum_m34,THE SOLAR ENGINE,6,MINION,LUMINAR,LEGENDARY,0,12,ELEMENTAL,,STARFORGED -- enhanced. Gains enhanced abilities and BARRIER.,Auto-heals you. Then CONVERTS every point of healing into end-of-turn damage. Healed 8 this turn? Eight to a random enemy. The Luminar built a machine that turns KINDNESS into VIOLENCE.,true,CORE,YES,
lum_m35,SAINT ELYSIA THE MARTYR,4,MINION,LUMINAR,LEGENDARY,3,5,,ILLUMINATE; LAST_WORDS,STARFORGED -- 7/9. Gains enhanced abilities and BARRIER.,Alive: every heal buffs your ENTIRE board. Dead: every heal STILL buffs your entire board. PERMANENTLY. Kill her and the effect lasts FOREVER. Leave her and she does it through ILLUMINATE. There is no winning move against the Saint.,true,CORE,YES,
lum_s22,THE FINAL DAWN,10,SPELL,LUMINAR,LEGENDARY,,,,BARRIER,STARFORGED -- enhanced. Gains enhanced abilities and BARRIER.,Full heal. Thirty damage to everything. Triple ILLUMINATE across your entire board. BARRIER on everyone. One spell. The Luminar rose for the LAST TIME. And they brought EVERYTHING.,true,CORE,YES,
pyr_m1,Ember Imp,1,MINION,PYROCLAST,COMMON,2,1,ELEMENTAL,LAST_WORDS,Last Words: Deal 1 damage to all enemies.,Small. Angry. Literally on fire. The Pyroclast bred these as pets. The pets keep burning down the kennel. Nobody is surprised.,true,CORE,NO,
pyr_m2,Cinder Sprite,1,MINION,PYROCLAST,COMMON,1,2,ELEMENTAL,DEPLOY,DEPLOY: Deal 1 damage to the enemy Hero.,It just wants to say hi. WITH FIRE. The Pyroclast definition of a handshake is first-degree burns.,true,CORE,NO,
pyr_s1,Flamelick,1,SPELL,PYROCLAST,COMMON,,,,,Deal 2 damage to the enemy Hero.,Just a taste. Of FIRE. One mana. Two to the face. The Pyroclast appetizer. The main course is ALSO fire.,true,CORE,NO,
pyr_m3,Firestarter,1,MINION,PYROCLAST,COMMON,1,1,ELEMENTAL,BLITZ; LAST_WORDS,BLITZ. Last Words: Deal 1 damage to the enemy Hero.,Born burning. Dies burning. The tiny window between those events is spent hitting your opponent\,true,CORE,NO,
pyr_s2,Ignite,1,SPELL,PYROCLAST,COMMON,,,,,"Deal 1 damage to a minion. If it dies, deal 3 damage to the enemy Hero.",One spark starts the inferno. Snipe a 1-health minion and the fire JUMPS to face for 3. The Pyroclast call this \,true,CORE,NO,
pyr_m4,Ashwalker,2,MINION,PYROCLAST,COMMON,3,2,,LAST_WORDS,Last Words: Deal 2 damage to the enemy Hero.,"Walks through ash. Creates MORE ash. Every time it dies, two damage hits face. The Pyroclast don\",true,CORE,NO,
pyr_m5,Magma Hound,2,MINION,PYROCLAST,COMMON,2,3,ELEMENTAL,SWIFT,SWIFT.,Good boy. HOT boy. VERY hot boy. Fetch? No. SIT? No. BURN THINGS? YES. The Pyroclast\,true,CORE,NO,
pyr_s3,Searing Touch,2,SPELL,PYROCLAST,COMMON,,,,,"Deal 3 damage to a minion. If it has BARRIER, destroy the BARRIER and deal 3 anyway.",Reach out and torch someone. BARRIER? The Pyroclast don\,true,CORE,NO,
pyr_m6,Fire Cultist,2,MINION,PYROCLAST,COMMON,2,2,,DEPLOY,"DEPLOY: Deal 1 damage to ALL characters. (Yes, including your own.)",Doesn\,true,CORE,NO,
pyr_s4,Pyro Bolt,2,SPELL,PYROCLAST,COMMON,,,,,Deal 3 damage to the enemy Hero.,Point. Click. Incinerate. Three to face for two mana. The Pyroclast designed this spell in committee. The committee was on fire.,true,CORE,NO,
pyr_m7,Lava Lurker,3,MINION,PYROCLAST,COMMON,3,3,ELEMENTAL,LAST_WORDS,Last Words: Deal 2 damage to the minion that killed this.,Kill it. Go ahead. It explodes on whatever killed it. The Pyroclast designed it to punish trading. It punishes EVERYTHING.,true,CORE,NO,
pyr_m8,Scorched Fanatic,3,MINION,PYROCLAST,COMMON,4,2,,LAST_WORDS,Last Words: Deal 3 damage to the enemy Hero.,His will is fire. His body is temporary. Three damage to face when he dies. The Pyroclast consider him a HERO. He\,true,CORE,NO,
pyr_s5,Flame Geyser,3,SPELL,PYROCLAST,COMMON,,,,,Deal 3 damage to a minion. Summon a 2/1 Ember Elemental with Last Words: Deal 1 damage to all enemies.,Kills something. Leaves a flaming present behind. The present has Last Words. The gift that keeps on burning.,true,CORE,NO,
pyr_m9,Volcanic Shard,3,MINION,PYROCLAST,COMMON,2,4,ELEMENTAL,DEPLOY,DEPLOY: Deal 3 damage split randomly among all enemies.,LAVA shrapnel. Three hits. Random targets. The Pyroclast don\,true,CORE,NO,
pyr_s6,Fuel the Flames,3,SPELL,PYROCLAST,COMMON,,,,,Your Last Words effects deal 2 extra damage this turn. Draw a card.,More fuel. MORE. MOOORE. Every Last Words this turn hits 2 harder. Plus a card. The Pyroclast\,true,CORE,NO,
pyr_m10,Charred Berserker,3,MINION,PYROCLAST,COMMON,5,1,,SWIFT; LAST_WORDS,SWIFT. Last Words: Deal 2 damage to all enemies.,5/1 with SWIFT. It hits for 5 immediately. Dies to a sneeze. dies for 2 to everything. The Pyroclast kamikaze lifestyle.,true,CORE,NO,
pyr_m11,Inferno Caller,4,MINION,PYROCLAST,COMMON,4,3,,DEPLOY,DEPLOY: Deal 2 damage to two random enemies.,Calls fire. Fire picks up EVERY time. Four damage spread across two targets. The Pyroclast phone network has one ringtone: screaming.,true,CORE,NO,
pyr_m12,Blazing Chariot,4,MINION,PYROCLAST,COMMON,4,4,ELEMENTAL,BLITZ; LAST_WORDS,BLITZ. Last Words: Deal 2 damage to the enemy Hero.,Doesn\,true,CORE,NO,
pyr_s7,Wall of Flame,4,SPELL,PYROCLAST,COMMON,,,,,Deal 3 damage to all enemies.,Some people just want to watch everything burn. The Pyroclast ARE those people. Three to everything. No survivors. No apologies.,true,CORE,NO,
pyr_s8,Eruption,4,SPELL,PYROCLAST,COMMON,,,,,Deal 5 damage to a minion. Deal 2 damage to all other enemy minions.,Target goes down. Everything nearby catches fire. Collateral damage isn\,true,CORE,NO,
pyr_m13,Magma Giant,5,MINION,PYROCLAST,COMMON,5,5,ELEMENTAL,LAST_WORDS,Last Words: Deal 3 damage to the enemy Hero.,Five tons of angry lava. Three damage to face when it dies. The Pyroclast don\,true,CORE,NO,
pyr_s9,Pyroclastic Flow,5,SPELL,PYROCLAST,COMMON,,,,,Deal 4 damage to all enemy minions.,No escape. No survivors. No refunds. The Pyroclast don\,true,CORE,NO,
pyr_m14,Furnace Fiend,5,MINION,PYROCLAST,COMMON,4,4,ELEMENTAL,,"Whenever ANY minion dies, deal 1 damage to the enemy Hero. Gains +1/+0 for each minion that died this game.",Feeds on death. Every corpse is fuel. Every funeral is a Pyroclast celebration. It\,true,CORE,NO,
pyr_s10,Rain of Fire,5,SPELL,PYROCLAST,COMMON,,,,,Deal 1 damage to all enemies. Repeat for each friendly minion that died this turn.,Three minions died this turn? Three volleys. Everything gets hit three times. The Pyroclast don\,true,CORE,NO,
pyr_m15,Infernal Juggernaut,6,MINION,PYROCLAST,COMMON,6,5,ELEMENTAL,SWIFT; LAST_WORDS,SWIFT. Last Words: Deal 3 damage to all enemies.,HE is the catastrophe. 6/5 SWIFT that hits immediately. dies for 3 to everything. The Pyroclast\,true,CORE,NO,
pyr_s11,Hellfire Breath,6,SPELL,PYROCLAST,COMMON,,,,,Deal 5 damage to all characters. (Yes. ALL. Including yours.),Fair? No. Fun? ABSOLUTELY. Five to everything. Your face too. The Pyroclast don\,true,CORE,NO,
pyr_m16,Ashen Colossus,7,MINION,PYROCLAST,COMMON,7,7,ELEMENTAL,LAST_WORDS,Last Words: Deal 4 damage to all enemies.,"When it falls, civilizations end. When it dies, four damage hits everything on the other side. The Pyroclast built a 7/7 extinction event.",true,CORE,NO,
pyr_s12,Doomsday Meteor,7,SPELL,PYROCLAST,COMMON,,,,,Deal 8 damage to a minion and 4 damage to all other enemies.,Extinction-level event in card form. The primary target gets obliterated. Everything else burns. The Pyroclast submitted this to peer review. The peers are dead.,true,CORE,NO,
pyr_m17,Kindling,1,MINION,PYROCLAST,COMMON,1,1,ELEMENTAL,LAST_WORDS,LAST WORDS: Deal 2 damage to the enemy Hero.,Born to die. And burn. One mana. Two face damage on death. The Pyroclast\,true,CORE,NO,
pyr_st1,Ash Pit,2,STRUCTURE,PYROCLAST,COMMON,,,,,"Whenever a friendly minion dies, deal 1 damage to the enemy Hero.",Everything returns to ash. Ash returns to YOUR FACE. Every single death pings face for 1. Seven minions die? Seven damage. The Pit COUNTS.,true,CORE,NO,
pyr_m18,Flamecaller Disciple,3,MINION,PYROCLAST,RARE,3,3,,,Your Last Words effects deal 2 extra damage.,Teacher says always add more fire. PERMANENTLY. Every Last Words on every minion hits 2 harder while she\,true,CORE,NO,
pyr_s13,Volcanic Ritual,4,SPELL,PYROCLAST,RARE,,,,,Destroy a friendly minion. Deal damage equal to its Attack to all enemies.,Sacrifice accepted. EXPLOSIVELY. Kill your 5/5? Five to everything on the other side. The Pyroclast worship through detonation.,true,CORE,NO,
pyr_m19,Inferno Engine,5,MINION,PYROCLAST,RARE,4,5,MECH,,"Whenever a friendly minion with Last Words dies, summon a 3/2 Flame Elemental with Last Words: Deal 2 damage to the enemy Hero.",The fire never ends. It just changes SHAPE. Last Words minion dies? A replacement spawns with MORE Last Words. The engine runs on death.,true,CORE,NO,
pyr_m20,Pyromaniac,2,MINION,PYROCLAST,RARE,2,3,,,"Whenever you deal damage to the enemy Hero with a spell or Last Words, gain +1/+1.",His hobby is arson. His CAREER is arson. Every face damage makes him bigger. Pyroclast burn spells feed him. He\,true,CORE,NO,
pyr_s14,Backdraft,3,SPELL,PYROCLAST,RARE,,,,,"Deal 4 damage to a minion. If it dies, deal 4 damage to the enemy Hero.",Knock knock. Who\,true,CORE,NO,
pyr_m21,Living Bomb,3,MINION,PYROCLAST,RARE,0,5,,GUARDIAN; LAST_WORDS,GUARDIAN. Last Words: Deal 4 damage to ALL characters. (Yes. Everyone. Including this.),"PLEASE hit me. Actually, PLEASE. It\",true,CORE,NO,
pyr_s15,Cinder Storm,5,SPELL,PYROCLAST,RARE,,,,,Deal 8 damage randomly split among all enemies.,Eight fireballs enter. Random targets. Nobody leaves unburnt. The Pyroclast don\,true,CORE,NO,
pyr_st2,Forge of Ignaros,4,STRUCTURE,PYROCLAST,RARE,,,,,Start of Turn: Deal 2 damage to the enemy Hero. Your Last Words effects also deal their damage to the enemy Hero.,It forges swords out of hatred. And fire. Two passive face damage per turn AND all Last Words redirected to face. The Pyroclast\,true,CORE,NO,
pyr_m22,Kamikaze Construct,4,MINION,PYROCLAST,RARE,7,1,,BLITZ; LAST_WORDS,BLITZ. Last Words: Deal 3 damage to all enemies.,First mission. Last mission. SAME mission. 7/1 BLITZ hits for 7 immediately. Dies to a breeze. dies for 3 to everything. WORTH IT.,true,CORE,NO,
pyr_s16,Smoldering Remains,2,SPELL,PYROCLAST,RARE,,,,,Summon all friendly minions with Last Words that died this turn. They die again at end of turn. (Last Words triggers again.),"They come back. Briefly. VIOLENTLY. Die, come back, die AGAIN. Double Last Words triggers. The Pyroclast invented the encore of DEATH.",true,CORE,NO,
pyr_m23,Firestorm Drake,6,MINION,PYROCLAST,RARE,5,5,ELEMENTAL,SWIFT; DEPLOY,"SWIFT. DEPLOY: Deal 3 damage to a minion. If it dies, deal excess damage to the enemy Hero.",Breathes fire. Eats fire. IS fire. Overkill damage GOES TO FACE. Kill a 1-health minion? 2 to face. The Pyroclast\,true,CORE,NO,
pyr_s17,Volcanic Heart,4,SPELL,PYROCLAST,RARE,,,,,Give a minion Last Words: Deal damage equal to this minion\,Strap a bomb onto ANYTHING. Your 7/7 now dies for 7 to everything. The Pyroclast don\,true,CORE,NO,
pyr_m24,Emberstrike Assassin,3,MINION,PYROCLAST,RARE,4,1,,CLOAK; LAST_WORDS,CLOAK. Last Words: Deal 3 damage to the enemy Hero.,You won\,true,CORE,NO,
pyr_s18,Molten Armor,3,SPELL,PYROCLAST,RARE,,,,,Give a minion +2/+3 and Last Words: Deal 3 damage to the minion that killed this.,WARNING: Do NOT hug the wearer. Stats AND a revenge bomb. Kill the minion and the killer takes 3. The Pyroclast idea of \,true,CORE,NO,
pyr_st3,Infernal Pact,5,STRUCTURE,PYROCLAST,RARE,,,,,"Whenever you deal damage to the enemy Hero on your turn, deal 1 additional damage. (Stacks with each instance.)",Sign here. In fire. WITH fire. Every face hit adds +1. Three separate face damage events? Three EXTRA damage. The Pyroclast\,true,CORE,NO,
pyr_m25,Scorchborn Twins,4,MINION,PYROCLAST,RARE,3,2,ELEMENTAL,DEPLOY; LAST_WORDS,DEPLOY: Summon a 3/2 copy with Last Words: Deal 2 damage to the enemy Hero. Last Words: Deal 2 damage to the enemy Hero.,Two for one. Both on fire. Both Last Words for 2 to face. Kill one? Two damage. Kill both? FOUR damage. Leave them alive? They hit for 6. The Pyroclast LOVE twins.,true,CORE,NO,
pyr_s19,Burnout,3,SPELL,PYROCLAST,RARE,,,,,Deal damage to the enemy Hero equal to the number of friendly minions that died this game. (Max 10.),Every dead minion counted. Every sacrifice tallied. Turn 8 after ten deaths? TEN to face for THREE mana. The Pyroclast keep a body count. It becomes a FIREBALL.,true,CORE,NO,
pyr_s20,Flashfire,2,SPELL,PYROCLAST,RARE,,,,,"Deal 2 damage to the enemy Hero. If you dealt damage to the enemy Hero already this turn, deal 4 instead.","First burn of the turn? Two damage. SECOND burn? FOUR. The Pyroclast reward momentum. Burn once, burn HARDER.",true,CORE,NO,
pyr_s21,Magma Rebirth,4,SPELL,PYROCLAST,RARE,,,,,Destroy a friendly Elemental. Summon a random Elemental that costs (2) more from your deck. Give it Last Words: Deal 3 damage to the enemy Hero.,Kill a 2-drop. Get a 4-drop. WITH Last Words. Pyroclast evolution: sacrifice the small fire. Get a BIGGER fire.,true,CORE,NO,
pyr_m26,Pyroclast Warchief,5,MINION,PYROCLAST,RARE,4,5,,,"Your minions with Last Words have +2 Attack. Whenever a friendly minion dies, deal 1 damage to the enemy Hero.",Buffs every bomb. Pings face every time one goes off. The Pyroclast\,true,CORE,NO,
pyr_s22,CHAIN DETONATION,3,SPELL,PYROCLAST,EPIC,,,,,Destroy a friendly minion. Trigger its Last Words. Then trigger the Last Words of every other friendly minion with Last Words.,Kill one bomb. It explodes. Every other bomb on your board ALSO explodes. Four Last Words minions? One sacrifice triggers FIVE explosions. The Pyroclast invented the chain reaction and they are NOT sorry. Three mana. Total board detonation.,true,CORE,NO,
pyr_m27,LIVING INFERNO,4,MINION,PYROCLAST,EPIC,3,3,ELEMENTAL,LAST_WORDS,Last Words: Deal damage to all enemies equal to the total Last Words damage you\,It remembers every burn. Every Last Words trigger this entire game. Dealt 6 Last Words damage so far? It dies for 6 to everything. The fire has a MEMORY and the memory is ANGRY. The Pyroclast\,true,CORE,NO,
pyr_s23,SUPERNOVA,6,SPELL,PYROCLAST,EPIC,,,,,Destroy ALL minions. Deal 5 damage to the enemy Hero. Trigger all friendly Last Words effects.,"Everything dies. But YOUR minions Last Words first, dealing their death damage. Then every destroyed minion deals 2 to face. Seven minions total? All dies fire, then FOURTEEN to face. The Pyroclast\",true,CORE,NO,
pyr_m28,PYROCLAST AVATAR,5,MINION,PYROCLAST,EPIC,4,4,ELEMENTAL,LAST_WORDS; DEPLOY,DEPLOY: Give ALL friendly minions Last Words: Deal 2 damage to the enemy Hero. Last Words: Deal 4 damage to the enemy Hero.,Everything on your board is now a bomb. Your 1/1 tokens? Bombs. Your GUARDIAN? A bomb. ALL of them Last Words for 2 to face. The Avatar itself hits for 4. The Pyroclast don\,true,CORE,NO,
pyr_m29,DOOMFIRE SENTINEL,7,MINION,PYROCLAST,EPIC,6,6,ELEMENTAL,BLITZ,"BLITZ. Whenever this attacks and kills a minion, deal its Attack as damage to the enemy Hero. Last Words: Deal damage to all enemies equal to the number of minions that died this game.",Kills a 5/5? Five to face. Last Words scales with every death this game. Ten minions died? dies for TEN. The Pyroclast\,true,CORE,NO,
pyr_m30,PHOENIX ETERNUS,6,MINION,PYROCLAST,LEGENDARY,5,5,ELEMENTAL,BARRIER; LAST_WORDS,"STARFORGE -- After dying 5 times: Transform into THE IMMORTAL PHOENIX -- 12/10, BARRIER, SWIFT. LAST WORDS: Return to play with full Health and +3/+3. Deal 5 damage to all enemies. Costs (0).",Death is not the end. It\,true,CORE,YES,
pyr_m31,"ASHYR, THE WORLD BURNER",8,MINION,PYROCLAST,LEGENDARY,6,6,,DEPLOY; LAST_WORDS,STARFORGED -- 10/10. Gains enhanced abilities and BARRIER.,The Pyroclast had one rule: burn everything. Ashyr added a second: burn it AGAIN. Three damage on entry. Five on Last Words. Two to face every turn. She doesn\,true,CORE,YES,
pyr_m32,MAGMA TYRANT,7,MINION,PYROCLAST,LEGENDARY,7,6,ELEMENTAL,LAST_WORDS,"STARFORGE -- After dealing 30 Last Words damage: Transform into MAGMA EMPEROR -- 10/10, BARRIER. When ANY minion dies, deal 3 damage to all enemies. Last Words: Deal 8 damage to all enemies.",He doesn\,true,CORE,YES,
pyr_m33,GRAND INCINERATOR VOLK,5,MINION,PYROCLAST,LEGENDARY,3,4,,DEPLOY,STARFORGED -- 7/8. Gains enhanced abilities and BARRIER.,The Pyroclast\,true,CORE,YES,
pyr_s24,THE FINAL ERUPTION,10,SPELL,PYROCLAST,LEGENDARY,,,,,STARFORGED -- enhanced. Gains enhanced abilities and BARRIER.,Three waves. Fifteen damage. To EVERYTHING. Your face too. Their face too. Every minion on both sides: DEAD. The Pyroclast\,true,CORE,YES,
voi_m1,Voidborn Wisp,1,MINION,VOIDBORN,COMMON,1,2,VOID,DEPLOY,DEPLOY: Look at the top 2 cards of your opponent\,Tiny. Hungry. It peers into your future and EATS the part it doesn\,true,CORE,NO,
voi_s1,Null Shard,1,SPELL,VOIDBORN,COMMON,,,,,Deal 1 damage. The target\,Small cut. Big loss. One damage to the body. One card to the abyss. The Voidborn exchange rate is BRUTAL.,true,CORE,NO,
voi_m2,Shadow Feeder,1,MINION,VOIDBORN,COMMON,2,1,VOID,,Gains +1/+1 whenever your opponent loses a card from any zone.,Your opponent\,true,CORE,NO,
voi_s2,Entropic Touch,1,SPELL,VOIDBORN,COMMON,,,,,A random card in your opponent\,Everything costs more near the Voidborn. Their 5-drop is now a 7-drop. Their plan just got TWO turns slower. You got a card. Fair.,true,CORE,NO,
voi_s3,Whispers of Nothing,1,SPELL,VOIDBORN,COMMON,,,,,Your opponent\,The Void whispers. Their wallet SCREAMS. That finisher they\,true,CORE,NO,
voi_m3,Voidborn Stalker,2,MINION,VOIDBORN,COMMON,3,2,VOID,CLOAK,CLOAK.,You can\,true,CORE,NO,
voi_s4,Mind Fracture,2,SPELL,VOIDBORN,COMMON,,,,,Your opponent discards the highest-cost card in their hand.,Their best card. Gone. FOREVER. The Voidborn don\,true,CORE,NO,
voi_m4,Rift Crawler,2,MINION,VOIDBORN,COMMON,2,3,VOID,DEPLOY,DEPLOY: Your opponent\,Crawls between dimensions. Taxes your opponent\,true,CORE,NO,
voi_s5,Void Drain,2,SPELL,VOIDBORN,COMMON,,,,,Deal 2 damage. BANISH the target if it dies. (BANISHed cards can\,Not just dead. ERASED. No graveyard. No resurrection. No memory. The Voidborn definition of \,true,CORE,NO,
voi_m5,Entropy Agent,2,MINION,VOIDBORN,COMMON,2,2,,DEPLOY,DEPLOY: Your opponent reveals their entire hand.,Knowledge is power. THEIR knowledge is YOUR power. He sees every card. He tells you EVERYTHING. Voidborn intelligence is thorough.,true,CORE,NO,
voi_m6,Abyssal Lurker,3,MINION,VOIDBORN,COMMON,3,4,VOID,,"After your opponent plays a card, gain +1 Attack.",Watches. Waits. Grows. Every card your opponent plays makes it angrier. By Turn 8 it\,true,CORE,NO,
voi_m7,Thought Shredder,3,MINION,VOIDBORN,COMMON,2,3,,DEPLOY,DEPLOY: Your opponent discards a random card. Draw a card.,They lose one. You GAIN one. Net swing: two cards. The Voidborn call this \,true,CORE,NO,
voi_s6,Nullify,3,SPELL,VOIDBORN,COMMON,,,,BANISH,BANISH an enemy minion with 3 or less Attack.,It was never here. Check the records. There ARE no records. The Voidborn are very thorough with their un-filing.,true,CORE,NO,
voi_m8,Void Tendril,3,MINION,VOIDBORN,COMMON,2,4,VOID,GUARDIAN; LAST_WORDS,GUARDIAN. LAST WORDS: Your opponent\,Even in death it\,true,CORE,NO,
voi_s7,Creeping Dread,3,SPELL,VOIDBORN,COMMON,,,,,All cards in your opponent\,That sinking feeling? It\,true,CORE,NO,
voi_m9,Hollow Shade,3,MINION,VOIDBORN,COMMON,4,2,VOID,SWIFT,SWIFT.,Fast. Empty. Terrifying. It used to be something. The Voidborn hollowed it out and gave it SWIFT. Somehow that\,true,CORE,NO,
voi_m10,Reality Ripper,4,MINION,VOIDBORN,COMMON,4,4,VOID,DEPLOY,DEPLOY: BANISH a random card from your opponent\,Rips cards out of EXISTENCE. Not their hand. Not the discard. EXISTENCE. The Voidborn don\,true,CORE,NO,
voi_m11,Void Sentinel,4,MINION,VOIDBORN,COMMON,3,5,VOID,GUARDIAN,GUARDIAN. Your opponent\,The toll booth at the end of reality. Everything costs extra while it breathes. The Voidborn\,true,CORE,NO,
voi_s8,Dimensional Rift,4,SPELL,VOIDBORN,COMMON,,,,,BANISH an enemy minion. Your opponent draws a card.,Gone forever. But they get a consolation card. The Voidborn are cruel but POLITE. One card for your loss. You\,true,CORE,NO,
voi_s9,Psychic Assault,4,SPELL,VOIDBORN,COMMON,,,,,Deal damage to the enemy Hero equal to the number of cards they\,Every erased card leaves a scar. BANISHed five? Five to the face. The Voidborn keep receipts and the BILL arrives violently.,true,CORE,NO,
voi_m12,Abyssal Maw,5,MINION,VOIDBORN,COMMON,5,5,VOID,DEPLOY,DEPLOY: BANISH a random card from your opponent\,It eats futures. Your opponent will NEVER know what they lost. The Voidborn\,true,CORE,NO,
voi_s10,Null Field,5,SPELL,VOIDBORN,COMMON,,,,,Silence all enemy minions. (Remove all keywords and card text.),Shh. No powers. Only Void now. GUARDIAN? Gone. BANE? Gone. Hope? The Voidborn ate that first.,true,CORE,NO,
voi_m13,Void Harvester,5,MINION,VOIDBORN,COMMON,4,4,,,"Whenever your opponent loses a card from any zone, gain +2/+2.","Your despair is its protein shake. Discards, BANISHes, deck burns — it\",true,CORE,NO,
voi_s11,Erasure,5,SPELL,VOIDBORN,COMMON,,,,BANISH,BANISH an enemy minion.,Ctrl+Z doesn\,true,CORE,NO,
voi_m14,Null Leviathan,6,MINION,VOIDBORN,COMMON,6,6,VOID,,Your opponent\,Grows cheaper as reality gets thinner. BANISHed five cards? It costs ONE. The Voidborn reward commitment to deletion.,true,CORE,NO,
voi_s12,Annihilate,6,SPELL,VOIDBORN,COMMON,,,,BANISH,BANISH all enemy minions with 4 or less Attack.,Below the threshold? Below EXISTENCE. The Voidborn set a minimum requirement for existing and enforced it.,true,CORE,NO,
voi_m15,Oblivion Wraith,7,MINION,VOIDBORN,COMMON,7,7,VOID,DEPLOY,DEPLOY: BANISH all spells from your opponent\,Doesn\,true,CORE,NO,
voi_s13,Consume Reality,7,SPELL,VOIDBORN,COMMON,,,,,BANISH the top 5 cards of your opponent\,Five futures. Deleted. They\,true,CORE,NO,
voi_m16,Void Parasite,2,MINION,VOIDBORN,COMMON,1,1,VOID,LAST_WORDS,LAST WORDS: BANISH a random card from your opponent\,Tiny. Existentially threatening. Kill it and lose a card. Leave it alive and it stares at you. With ALL its eye. The Voidborn\,true,CORE,NO,
voi_st1,Null Anchor,3,STRUCTURE,VOIDBORN,COMMON,,,,,Start of turn: Deal 2 damage to the enemy Hero.,Going first each turn never felt so expensive. Their Turn 4 play costs 6. EVERY turn. The Voidborn anchored reality shut.,true,CORE,NO,
voi_m17,Entropy Weaver,4,MINION,VOIDBORN,RARE,3,4,,,"Whenever a card is BANISHed, draw a card.",Destruction IS productive — if you\,true,CORE,NO,
voi_m18,Void Mirror,3,MINION,VOIDBORN,RARE,2,3,VOID,DEPLOY,DEPLOY: Copy a card from your opponent\,Copies it. DELETES the original. You get the card. They LOSE the card. The Voidborn version of \,true,CORE,NO,
voi_m19,Mindbreaker,5,MINION,VOIDBORN,RARE,4,5,,DEPLOY,DEPLOY: Your opponent discards their highest-cost AND lowest-cost cards.,Targets the extremes. Their bomb AND their cheap answer — both gone. The Voidborn cull from both ends of the menu.,true,CORE,NO,
voi_st2,Voidborn Gate,5,STRUCTURE,VOIDBORN,RARE,,,,,"Whenever you BANISH a card, deal 2 damage to the enemy Hero.",Every erasure echoes. BANISH a card? Two to the face. Three BANISHes in one turn? Six damage. Deletion has physical consequences.,true,CORE,NO,
voi_s14,Black Hole,6,SPELL,VOIDBORN,RARE,,,,BANISH,BANISH an enemy minion. BANISH a random card from your opponent\,Two-for-one deletion special. Board AND hand — both diminished. The Voidborn are running a clearance sale on existence.,true,CORE,NO,
voi_s15,Void Siphon,4,SPELL,VOIDBORN,RARE,,,,,Steal 2 random cards from your opponent\,Finders keepers. Losers literally LOSE. Two gone from them. Two gained by you. Four-card swing. Voidborn economics.,true,CORE,NO,
voi_m20,Abyss Walker,5,MINION,VOIDBORN,RARE,4,4,VOID,PHASE,"PHASE. Whenever this attacks, BANISH a random card from your opponent\",Untargetable. Attacks freely. Every swing erases a card from existence. The Voidborn\,true,CORE,NO,
voi_m21,Reality Unraveler,6,MINION,VOIDBORN,RARE,5,6,,,End of Turn: BANISH a random card from your opponent\,"Every turn, one card vanishes. They go to sleep with six. Wake up with five. Then four. The Voidborn unravel things slowly.",true,CORE,NO,
voi_s16,Devour Thoughts,3,SPELL,VOIDBORN,RARE,,,,,"Your opponent discards 2 random cards. For each spell discarded, draw a card.",Two thoughts eaten. If either was a spell? Bonus draw. The Voidborn consider brains an all-you-can-eat buffet.,true,CORE,NO,
voi_s17,Dimensional Exile,7,SPELL,VOIDBORN,RARE,,,,BANISH,BANISH all enemy minions with 5 or more Attack.,Too powerful to exist? Then DON\,true,CORE,NO,
voi_m22,Void Echo,4,MINION,VOIDBORN,RARE,3,3,VOID,ECHO; DEPLOY,ECHO. DEPLOY: BANISH a random card from your opponent\,Plays twice. Deletes twice. Smiles twice. Two futures erased that they\,true,CORE,NO,
voi_m23,Null Assassin,3,MINION,VOIDBORN,RARE,3,2,VOID,CLOAK; DEPLOY,CLOAK. DEPLOY: BANISH a random card from your opponent\,Invisible. Arrives. Deletes a card from their future. The Voidborn\,true,CORE,NO,
voi_st3,Entropic Cascade,6,STRUCTURE,VOIDBORN,RARE,,,,,"Whenever your opponent draws a card, it costs (1) more. Whenever your opponent discards, you draw a card.",Their draws cost more. Their losses fuel YOUR draws. Every turn the entropy increases. The Voidborn built a one-way valve on the universe.,true,CORE,NO,
voi_s18,Existential Crisis,4,SPELL,VOIDBORN,RARE,,,,,Silence an enemy minion. BANISH a random card from their hand. Draw a card.,Strip their powers. Delete a card. Draw one yourself. Three things for four mana. The Voidborn call this \,true,CORE,NO,
voi_s19,Void Resonance,4,SPELL,VOIDBORN,RARE,,,,,Deal 3 damage to all enemy minions. Deal 1 extra for each card BANISHed this game.,The more you\,true,CORE,NO,
voi_m24,Oblivion Seed,2,MINION,VOIDBORN,RARE,0,3,VOID,LAST_WORDS,LAST WORDS: BANISH the top 3 cards of your opponent\,Plant it. Let it die. Three cards erased. Ghosts hatch from the ashes. The Voidborn garden grows DOWNWARD into nothing.,true,CORE,NO,
voi_m25,Thought Leech,3,MINION,VOIDBORN,RARE,2,4,VOID,,"Whenever your opponent plays a spell, add a copy to your hand. It costs (1) less.",Sits. Listens. Copies every spell they cast — cheaper. It\,true,CORE,NO,
voi_s20,Mana Collapse,4,SPELL,VOIDBORN,RARE,,,,,Your opponent loses 2 Crystals next turn. Draw a card.,Their Turn 7? Now it\,true,CORE,NO,
voi_s21,Fade to Black,3,SPELL,VOIDBORN,RARE,,,,PHASE,Give a friendly Void minion PHASE and +2/+2. BANISH a random card from your opponent\,Your creature goes invisible AND grows. Their future loses a card. Two problems created in one spell. Voidborn efficiency.,true,CORE,NO,
voi_m26,Void Collector,5,MINION,VOIDBORN,RARE,3,6,VOID,DEPLOY,DEPLOY: Discover a card that was BANISHed this game. Add it to YOUR hand. It costs (0).,"What the Void takes, the Collector finds. That Legendary they lost? YOURS now. FREE. The Voidborn don\",true,CORE,NO,
voi_s22,ENTROPY BOMB,2,SPELL,VOIDBORN,EPIC,,,,,BANISH a random card from your opponent\,Two mana. One card erased. And a damage nuke that scales with EVERY card they\,true,CORE,NO,
voi_s23,THE HOLLOWING,4,SPELL,VOIDBORN,EPIC,,,,,"For the rest of the game, whenever your opponent draws a card, BANISH the top card of their deck.","Every draw costs them TWO cards. They draw one, they LOSE one. Thirty-card deck? Now it\",true,CORE,NO,
voi_m27,NULL COLOSSUS,5,MINION,VOIDBORN,EPIC,4,8,VOID,GUARDIAN,GUARDIAN. Has +1/+1 for each card BANISHed this game. Your opponent\,BANISHed 6 cards? It\,true,CORE,NO,
voi_m28,MIND DEVOURER,6,MINION,VOIDBORN,EPIC,4,6,VOID,DEPLOY,DEPLOY: Look at your opponent\,Sees everything. Picks the two BEST cards. Deletes them. Gives YOU free copies. Their bomb is YOUR bomb. Their answer is YOUR answer. The Mind Devourer doesn\,true,CORE,NO,
voi_s24,OBLIVION SPHERE,7,SPELL,VOIDBORN,EPIC,,,,BANISH,"BANISH all minions on both sides. For each enemy minion BANISHed, deal 2 damage to the enemy Hero. For each friendly minion BANISHed, draw a card.",Both boards gone. But THEIR losses deal face damage and YOUR losses draw cards. Full enemy board? Ten to face. Full your board? Seven cards drawn. The Sphere doesn\,true,CORE,NO,
voi_m29,PROPHET OF THE ENDLESS VOID,9,MINION,VOIDBORN,LEGENDARY,7,7,,DEPLOY; PHASE,"STARFORGE -- After BANISHing 20 cards total: Transform into GOD OF THE VOID -- 12/12, PHASE. DEPLOY: BANISH your opponent\",He preaches one gospel: nothingness. Their hand? Erased. They draw three. Those three cost two more each. He can\,true,CORE,YES,
voi_m30,NULLHEIM\,8,MINION,VOIDBORN,LEGENDARY,5,5,VOID,DEPLOY,STARFORGED -- 9/9. Gains enhanced abilities and BARRIER.,The Voidborn don\,true,CORE,YES,
voi_m31,THE VOID TYRANT,5,MINION,VOIDBORN,LEGENDARY,5,4,VOID,,"STARFORGE -- After BANISHing 10 cards: Transform into THE VOID EMPEROR -- 8/8, PHASE. After your opponent plays a card, BANISH their entire hand. They draw 1. Has +2/+2 for each card BANISHed this game.",Every action they take costs them something they haven\,true,CORE,YES,
voi_m32,ARCHIVIST OF NOTHING,4,MINION,VOIDBORN,LEGENDARY,2,6,,DEPLOY,STARFORGED -- 6/10. Gains enhanced abilities and BARRIER.,She catalogs everything the Void eats. Then USES it. BANISH a card? Free copy for you. Permanent hand vision. She knows what they have. She HAS what they DON\,true,CORE,YES,
voi_s25,THE FINAL NOTHING,10,SPELL,VOIDBORN,LEGENDARY,,,,,STARFORGED -- enhanced. Gains enhanced abilities and BARRIER.,Hand: gone. Board: gone. Deck: gutted. Health: burning. Five cards drawn. The Voidborn stopped whispering and SCREAMED. One spell. Everything deleted. The universe sent an invoice for every card ever lost and your opponent just PAID.,true,CORE,YES,
bio_m1,Genestock Runt,1,MINION,BIOTITANS,COMMON,1,2,BEAST,ADAPT,ADAPT.,Tiny now. Unstable genome. Ask again in five minutes when it\,true,CORE,NO,
bio_m2,Toxispine Polyp,1,MINION,BIOTITANS,COMMON,2,1,BEAST,BANE,BANE.,One inch tall. One-hundred-percent lethal. The Biotitans\,true,CORE,NO,
bio_s1,Biocelerate,1,SPELL,BIOTITANS,COMMON,,,,,Gain 1 empty Crystal.,Accelerated growth. Accelerated EVERYTHING. The Biotitans don\,true,CORE,NO,
bio_m3,Spore Sac,1,MINION,BIOTITANS,COMMON,0,3,BEAST,LAST_WORDS,LAST WORDS: Summon two 1/1 Sporlings.,Pop! Surprise offspring. They\,true,CORE,NO,
bio_s2,Mutagraft,1,SPELL,BIOTITANS,COMMON,,,,,Give a minion +2/+2.,Graft new tissue. Get a BIGGER organism. Biotitan medicine is just \,true,CORE,NO,
bio_m4,Genome Stalker,2,MINION,BIOTITANS,COMMON,3,2,BEAST,,Gains +1/+1 at the start of each turn.,Unstable DNA. Grows every second. By Turn 5 it\,true,CORE,NO,
bio_m5,Symbiote Tendril,2,MINION,BIOTITANS,COMMON,2,3,BEAST,DEPLOY,DEPLOY: Give a friendly minion +1/+1.,Latches on. Shares nutrients. Friendship is just symbiosis with extra steps. And teeth.,true,CORE,NO,
bio_s3,Hypergrowth,2,SPELL,BIOTITANS,COMMON,,,,,Gain 2 empty Crystals.,Skip two growth cycles. The Biotitans consider patience a genetic defect.,true,CORE,NO,
bio_m6,Venombrood Larva,2,MINION,BIOTITANS,COMMON,2,2,BEAST,BANE; ADAPT,BANE. ADAPT.,Cute. Larval. Catastrophically venomous. It adapted poison IN THE EGG. Overachiever of the spawning pool.,true,CORE,NO,
bio_s4,Chitin Plating,2,SPELL,BIOTITANS,COMMON,,,,GUARDIAN,Give a minion +1/+4 and GUARDIAN.,Bio-armor. Grows from the host\,true,CORE,NO,
bio_m7,Stalkfiend,3,MINION,BIOTITANS,COMMON,3,4,BEAST,SWIFT,SWIFT.,"Hunts first. Thinks never. Six legs, four eyes, zero hesitation. Peak predatory design.",true,CORE,NO,
bio_m8,Protoplasm,3,MINION,BIOTITANS,COMMON,2,2,BEAST,ADAPT,ADAPT. ADAPT. (Choose 2 bonuses.),"Still deciding what species it wants to be. But whatever it picks, it picks TWICE. Indecisive AND lethal.",true,CORE,NO,
bio_m9,Shellguard Brute,3,MINION,BIOTITANS,COMMON,2,5,BEAST,GUARDIAN,GUARDIAN.,Nothing gets past the carapace. NOTHING. Not plasma. Not claws. Not your opponent\,true,CORE,NO,
bio_s5,Stimulant Injector,3,MINION,BIOTITANS,COMMON,2,3,BEAST,DEPLOY; SWIFT,DEPLOY: Give a friendly minion +3 Attack and SWIFT. Draw a card if it\,Inject. Mutate. Hunt. Biotitan field medicine is just \,true,CORE,NO,
bio_s6,Mycorrhizal Web,3,SPELL,BIOTITANS,COMMON,2,2,,,"Give all friendly minions +1/+1. If you control 3+ minions, give +2/+2 instead.",The fungal network connects everything. Everyone buffs. Nobody opts out. Resistance is biologically futile.,true,CORE,NO,
bio_m10,Bloom Crawler,3,MINION,BIOTITANS,COMMON,3,3,BEAST,LAST_WORDS,LAST WORDS: ADAPT a random friendly minion.,Dies beautifully. Bioluminescent spores everywhere. And something on your board just grew a new organ.,true,CORE,NO,
bio_m11,Alpha Strain,4,MINION,BIOTITANS,COMMON,4,4,BEAST,ADAPT,ADAPT.,Top of the gene pool. Bottom of your opponent\,true,CORE,NO,
bio_m12,Living Bulwark,4,MINION,BIOTITANS,COMMON,3,6,BEAST,GUARDIAN,GUARDIAN. Gains +1/+1 whenever you play a Beast.,A wall of living tissue. Every Beast you play feeds it another growth cycle. It never stops thickening.,true,CORE,NO,
bio_s7,Biotic Surge,4,SPELL,BIOTITANS,COMMON,3,3,,,Give a friendly minion +3/+3 and ADAPT.,MAXIMUM MUTATION. Your 2/2 is now a 5/5 with bioluminescent war-horns. Evolution doesn\,true,CORE,NO,
bio_m13,Brood Warden,4,MINION,BIOTITANS,COMMON,3,4,BEAST,DEPLOY,DEPLOY: Summon two 2/2 Bioforms with ADAPT.,Two hatchlings. Six possible mutations. Your opponent has to guess. They will guess wrong.,true,CORE,NO,
bio_m14,Razormaw Titan,5,MINION,BIOTITANS,COMMON,6,4,BEAST,SWIFT; ADAPT,SWIFT. ADAPT.,Fast. Adaptive. Hungry. It evolved legs specifically to chase YOU. Be flattered. Then run.,true,CORE,NO,
bio_m15,Ancient Shellback,5,MINION,BIOTITANS,COMMON,4,7,BEAST,GUARDIAN; LAST_WORDS,GUARDIAN. LAST WORDS: Summon a 3/3 Hatchling with GUARDIAN.,Old bioforms don\,true,CORE,NO,
bio_s8,Apex Mandate,5,SPELL,BIOTITANS,COMMON,,,,,Destroy a minion with less Attack than your strongest minion.,Survival of the fittest. YOUR fittest. The food chain has rules and you\,true,CORE,NO,
bio_s9,Spawning Caller,5,MINION,BIOTITANS,COMMON,3,4,BEAST,DEPLOY,DEPLOY: Summon a random Beast from your deck. Give it +2/+2 and ADAPT.,You didn\,true,CORE,NO,
bio_m16,Titan Wurm,6,MINION,BIOTITANS,COMMON,7,6,BEAST,ADAPT,ADAPT. Costs (1) less for each Beast you control.,Discounted megafauna. Bulk evolution rates. Three Beasts on board and this costs less than a Spore Sac.,true,CORE,NO,
bio_s10,Bioamplify,6,SPELL,BIOTITANS,COMMON,,,,,Give all friendly Beasts +3/+3 and ADAPT.,MASS MUTATION EVENT. Everything grows. Everything adapts. Your opponent\,true,CORE,NO,
bio_m17,Megafauna Prime,7,MINION,BIOTITANS,COMMON,8,8,BEAST,ADAPT,ADAPT. ADAPT. (Choose 2 bonuses.),Eight tons of bio-engineered whatever-it-wants-to-be. It hasn\,true,CORE,NO,
bio_s11,Extinction Pulse,7,SPELL,BIOTITANS,COMMON,,,,,Destroy all minions with 4 or less Attack. Your Beasts have +4/+4 for the rest of the game.,The weak get culled. The strong get STRONGER. Biotitans don\,true,CORE,NO,
bio_m18,Gestation Pod,2,MINION,BIOTITANS,COMMON,0,3,BEAST,LAST_WORDS,LAST WORDS: Summon a random Beast that costs (4) or less.,What\,true,CORE,NO,
bio_st1,Spawning Grounds,3,STRUCTURE,BIOTITANS,COMMON,,,,,Your Beasts have +1/+1.,Rich in nutrients. Rich in mutations. Everything that grows here grows WRONG. Beautifully wrong.,true,CORE,NO,
bio_s12,Evolutionary Leap,3,SPELL,BIOTITANS,RARE,,,,,Destroy a friendly minion. Summon a random minion that costs (2) more from your deck.,Sacrifice the current model. Upgrade to the next. Your 2-drop just became a 4-drop with anger issues.,true,CORE,NO,
bio_m19,Hive Matriarch,5,MINION,BIOTITANS,RARE,4,5,BEAST,DEPLOY,DEPLOY: Summon three 1/1 Sporlings. They all ADAPT.,One matriarch. A board of drones. Every one mutates differently. Enjoy predicting THAT.,true,CORE,NO,
bio_m20,Broodmother Rex,6,MINION,BIOTITANS,RARE,5,6,BEAST,,"Whenever this minion survives damage, summon a 3/3 Bioform with ADAPT.",Hit it. Go ahead. See what hatches. Every wound spawns something nastier. Damage is just fertilizer.,true,CORE,NO,
bio_st2,Incubation Vat,4,STRUCTURE,BIOTITANS,RARE,,,,,Start of Turn: Give a random friendly Beast ADAPT.,Drip. Drip. Mutate. The vat never stops cycling. Your Beasts never stop growing. That\,true,CORE,NO,
bio_s13,Mutagenic Spores,2,SPELL,BIOTITANS,RARE,,,,,Give a minion ADAPT three times. (Choose 3 bonuses.),"Triple mutation. Triple horror. Your 1/1 Sporling just became a 4/4 with BANE, SWIFT, and an existential crisis.",true,CORE,NO,
bio_m21,Cloaked Ambusher,4,MINION,BIOTITANS,RARE,5,3,BEAST,CLOAK; ADAPT,CLOAK. ADAPT.,Chromatophore camouflage AND pre-strike mutation. Invisible AND evolved. You\,true,CORE,NO,
bio_m22,Titan Egg,3,MINION,BIOTITANS,RARE,0,5,BEAST,LAST_WORDS,LAST WORDS: Summon a random Beast that costs (7) or more from your deck.,Five health of bio-shell protecting something ENORMOUS. Crack it at your own risk.,true,CORE,NO,
bio_s14,Apex Genomist,5,MINION,BIOTITANS,RARE,4,4,BEAST,DEPLOY,DEPLOY: Give a friendly Beast +5/+5 and ADAPT. It gains ,Perfect DNA. Perfect organism. Spell-proof hide. The Biotitan lab\,true,CORE,NO,
bio_m23,Packmaster Strain,4,MINION,BIOTITANS,RARE,3,4,,,Your Beasts have +1 Attack. Your ADAPT choices always include +3 Attack.,Teaches one genetic lesson: HIT HARDER. Final exam is your opponent\,true,CORE,NO,
bio_s15,Symbiote Transmitter,3,MINION,BIOTITANS,RARE,2,3,BEAST,DEPLOY,DEPLOY: Choose a friendly minion. Give ALL other friendly minions its keywords.,Sharing is caring. Sharing BANE across your entire board is a WAR CRIME in fourteen star systems.,true,CORE,NO,
bio_m24,Ancient Bioform,7,MINION,BIOTITANS,RARE,6,8,BEAST,ADAPT; DEPLOY,ADAPT. ADAPT. DEPLOY: Give all friendly Beasts +2/+2.,Seven million growth cycles of evolution compressed into one card. It remembers being a microbe. It\,true,CORE,NO,
bio_s16,Consuming Maw,4,MINION,BIOTITANS,RARE,3,3,BEAST,DEPLOY,DEPLOY: Destroy a minion. Give its Attack and Health to a friendly Beast.,You are what you eat. And you just ate a 7/7. Burp. You\,true,CORE,NO,
bio_m25,Phaseshift Predator,5,MINION,BIOTITANS,RARE,5,4,BEAST,CLOAK; BANE,CLOAK. BANE.,Phase-shifted cellular structure makes it invisible. Bio-toxin payload makes it lethal. Very organized killer.,true,CORE,NO,
bio_s17,Cocoon Weaver,3,MINION,BIOTITANS,RARE,1,4,BEAST,DEPLOY,DEPLOY: Give a friendly minion ,Three turns of biological immortality. Hit it all you want. It heals. Every. Single. Time.,true,CORE,NO,
bio_st3,Primordial Vat,5,STRUCTURE,BIOTITANS,RARE,,,,,"Whenever you play a Beast, give it ADAPT. Your Beasts cost (1) less.",Everything that enters the vat exits different. Bigger. Weirder. With more appendages. Always more appendages.,true,CORE,NO,
bio_s18,Bio-Ambush,2,SPELL,BIOTITANS,RARE,,,,,Summon a 3/3 Bioform with ADAPT and CLOAK.,Something just materialized on your board. Your opponent can\,true,CORE,NO,
bio_s19,Swarm Burst,4,SPELL,BIOTITANS,RARE,,,,,Summon three 2/2 Sporlings. Give each one ADAPT.,Three little problems. Three random mutations. Your opponent just developed a swarm phobia.,true,CORE,NO,
bio_s20,Adrenaline Gland,3,MINION,BIOTITANS,RARE,2,4,BEAST,DEPLOY; GUARDIAN; SWIFT,DEPLOY: Choose one — Give a Beast +4/+0 and SWIFT; or Give a Beast +0/+4 and GUARDIAN.,Fight or fortify. The Biotitans only have two glandular settings and both ruin someone\,true,CORE,NO,
bio_m26,Parasitic Crawler,3,MINION,BIOTITANS,RARE,2,2,BEAST,DEPLOY,"DEPLOY: Steal +2/+2 from an enemy minion. (It loses, you gain.)",Latches on. Drains biomass. Grows larger. The galaxy\,true,CORE,NO,
bio_s21,Adaptive Plating,5,SPELL,BIOTITANS,RARE,,,,,"Give a friendly Beast ADAPT twice. Whenever it takes damage this turn, ADAPT again.","The more you hurt it, the more it evolves. Go ahead. Make it angry. See what grows out of the wound.",true,CORE,NO,
bio_s22,PRIMORDIAL OOZE,1,SPELL,BIOTITANS,EPIC,,,,,Summon a random 1-cost Beast. ADAPT it. Then ADAPT it again. Then ADAPT it AGAIN.,One mana. One random microbe. THREE forced mutations. It started as bacteria. It\,true,CORE,NO,
bio_s23,FORCED EVOLUTION,3,SPELL,BIOTITANS,EPIC,,,,,Transform ALL friendly minions into random minions that cost (2) more. ADAPT each one.,Your entire board just jumped two tiers on the food chain and grew spines. Literal spines. Everyone has spines now. The lab is pleased.,true,CORE,NO,
bio_m27,APEX CHIMERA,5,MINION,BIOTITANS,EPIC,4,4,BEAST,DEPLOY,DEPLOY: Gain the keywords of ALL other friendly Beasts. ADAPT twice.,Gene-spliced from every organism on your board. It doesn\,true,CORE,NO,
bio_st4,GENESIS CRADLE,4,STRUCTURE,BIOTITANS,EPIC,,,,,"Whenever a friendly Beast dies, summon a random Beast that costs (1) more and ADAPT it.",Kill a 2-drop. A 3-drop hatches. Kill that. A 4-drop hatches. Kill THAT. You\,true,CORE,NO,
bio_m28,EXTINCTION SURVIVOR,7,MINION,BIOTITANS,EPIC,5,5,BEAST,LAST_WORDS,LAST WORDS: Resummon this minion with ADAPT three times. (Can trigger up to 3 times.),Killed it once. It came back with armor. Killed it twice. It came back with BANE. Third time? It came back with a biological VENDETTA. Fourth time is the charm. Maybe.,true,CORE,NO,
bio_m29,WORLDEATER HYDRA,8,MINION,BIOTITANS,LEGENDARY,8,8,BEAST,ADAPT,"STARFORGE -- After ADAPTing 10 times: Transform into HYDRA APEX -- 15/15. Has ALL ADAPT bonuses permanently. Whenever this attacks, ADAPT twice. Can\",Three heads. Each one evolves independently. Each one hates you independently. Hit it and it grows a FOURTH head. The Biotitans\,true,CORE,YES,
bio_m30,WORLDSHAPER THORNA,9,MINION,BIOTITANS,LEGENDARY,8,8,,DEPLOY,"STARFORGE -- After playing 20 Beasts: Transform into THORNA, MOTHER OF ALL -- 12/15. ALL minions you play are Beasts with ADAPT three times, +3/+3, and cost (2) less.",Chief Biogineer. She shaped an entire world\,true,CORE,YES,
bio_m31,THE LIVING PLANET,10,MINION,BIOTITANS,LEGENDARY,10,10,BEAST,GUARDIAN; ADAPT; LAST_WORDS,STARFORGED -- 14/14. Gains enhanced abilities and BARRIER.,It IS the biosphere. The forests are its hair. The oceans are its blood. Kill it and five entire ecosystems crawl out for revenge.,true,CORE,YES,
bio_m32,GENE-ARCHON VEXXIS,4,MINION,BIOTITANS,LEGENDARY,2,6,,DEPLOY,STARFORGED -- 6/10. Gains enhanced abilities and BARRIER.,He mutated everything. His lab. His specimens. His breakfast. Now he\,true,CORE,YES,
bio_m33,THE FIRST ORGANISM,6,MINION,BIOTITANS,LEGENDARY,5,5,BEAST,ADAPT,STARFORGED -- 9/9. Gains enhanced abilities and BARRIER.,"The original genome. The ancestor strand. Everything that crawls, flies, bites, or oozes evolved from THIS. Four adaptations. Potentially free. The food chain starts here and it ends with your opponent.",true,CORE,YES,
cry_m1,Prism Shard,1,MINION,CRYSTALLINE,COMMON,1,2,ELEMENTAL,RESONATE,RESONATE: Gain +1/+1.,Vibrates when you cast spells. Also when nervous. Also when you LOOK at it. Very sensitive crystal.,true,CORE,NO,
cry_s1,Crystal Spark,1,SPELL,CRYSTALLINE,COMMON,,,,,Deal 1 damage. Draw a card.,A tiny zap. A tiny card. A tiny WIN. The Crystalline consider this \,true,CORE,NO,
cry_m2,Facet Moth,1,MINION,CRYSTALLINE,COMMON,1,1,ELEMENTAL,RESONATE,RESONATE: Summon a 1/1 Crystal Shard.,"Casts spells, makes babies. Spell babies. They\",true,CORE,NO,
cry_s2,Arcane Missile,1,SPELL,CRYSTALLINE,COMMON,,,,,Deal 3 damage randomly split among all enemies.,Aim? Where we\,true,CORE,NO,
cry_s3,Mana Siphon,1,SPELL,CRYSTALLINE,COMMON,,,,,Gain 1 Crystal this turn only. Draw a card.,Borrow power from the universe. The universe doesn\,true,CORE,NO,
cry_m3,Geode Apprentice,2,MINION,CRYSTALLINE,COMMON,2,3,,RESONATE,RESONATE: Deal 1 damage to a random enemy.,Studies hard. Zaps harder. Graduated top of her class in Applied Crystal Violence.,true,CORE,NO,
cry_s4,Refraction Bolt,2,SPELL,CRYSTALLINE,COMMON,,,,,"Deal 2 damage. If you cast another spell this turn, deal 4 instead.",Alone: a spark. After another spell: a THUNDERBOLT. The Crystalline invented the combo meal.,true,CORE,NO,
cry_m4,Spell Weaver,2,MINION,CRYSTALLINE,COMMON,1,3,,,Your spells cost (1) less. (Minimum 1.),Discount magic. No coupons required. She\,true,CORE,NO,
cry_s5,Prismatic Bolt,2,SPELL,CRYSTALLINE,COMMON,,,,,Deal 3 damage to a minion.,Three colors. Three damage. It hits like a rainbow with a grudge and no forgiveness.,true,CORE,NO,
cry_m5,Crystal Golem,2,MINION,CRYSTALLINE,COMMON,2,3,ELEMENTAL,RESONATE,RESONATE: Gain +0/+2.,"Gets tougher every time you cast. The strong, silent type. By Turn 6 it\",true,CORE,NO,
cry_m6,Resonance Mage,3,MINION,CRYSTALLINE,COMMON,3,3,,RESONATE,RESONATE: Add a random spell to your hand. It costs (1).,Casts spells. Gets spells. Casts THOSE spells. Gets MORE spells. She hasn\,true,CORE,NO,
cry_s6,Shatter,3,SPELL,CRYSTALLINE,COMMON,,,,,"Deal 4 damage. If this kills the target, deal 2 damage to adjacent minions.","Break one, crack two. Crystal physics. The Crystalline textbook has one chapter and it\",true,CORE,NO,
cry_m7,Quartz Warden,3,MINION,CRYSTALLINE,COMMON,2,5,ELEMENTAL,GUARDIAN; RESONATE,GUARDIAN. RESONATE: Gain BARRIER.,Shields up when you spell up. Cast twice and it\,true,CORE,NO,
cry_s7,Spell Surge,3,SPELL,CRYSTALLINE,COMMON,,,,,Draw 2 cards. If you\,More spells. More cards. More spells FROM cards. It\,true,CORE,NO,
cry_s8,Prism Shield,3,SPELL,CRYSTALLINE,COMMON,,,,BARRIER,Give a minion +2/+4 and BARRIER.,Looks like glass. Hits like diamond. The Crystalline don\,true,CORE,NO,
cry_m8,Energized Sentry,3,MINION,CRYSTALLINE,COMMON,2,4,ELEMENTAL,,Gains +1 Attack for each spell you\,Charges up while you cast. Cast four spells and it\,true,CORE,NO,
cry_m9,Prismora Scholar,4,MINION,CRYSTALLINE,COMMON,3,4,,DEPLOY,DEPLOY: Add 2 random Crystalline spells to your hand.,Knowledge is power. Two knowledges is MORE power. She hasn\,true,CORE,NO,
cry_s9,Arcane Explosion,4,SPELL,CRYSTALLINE,COMMON,,,,,Deal 2 damage to all enemy minions. Deal 1 extra for each spell you\,"Turn 1: weak. Turn 10: APOCALYPTIC. The longer the game goes, the angrier the explosion gets. Like a fine wine of FIRE.",true,CORE,NO,
cry_m10,Living Crystal,4,MINION,CRYSTALLINE,COMMON,4,4,ELEMENTAL,RESONATE,RESONATE: Gain +1/+1 AND deal 1 damage to a random enemy. (Triggers both on each spell.),Double resonance. Double trouble. Cast one spell and it grows AND hurts someone. Cast five and it\,true,CORE,NO,
cry_s10,Refract,4,SPELL,CRYSTALLINE,COMMON,,,,,Deal 3 damage. Cast a random spell that costs (3) or less. (Targets chosen randomly.),One spell becomes two. You paid for damage. You got damage AND a mystery bonus. Chaos is a FEATURE.,true,CORE,NO,
cry_m11,Crystal Colossus,5,MINION,CRYSTALLINE,COMMON,5,6,ELEMENTAL,RESONATE,RESONATE: Gain +2/+2 and SWIFT.,"Cast one spell and a 5/6 becomes a 7/8 with SWIFT. The bigger they resonate, the harder your opponent cries.",true,CORE,NO,
cry_s11,Arcane Storm,5,SPELL,CRYSTALLINE,COMMON,,,,,Deal 1 damage to all enemies for each spell you\,Step 1: Cast five spells. Step 2: Cast THIS. Step 3: Six damage to everything. Step 4: Apologize to nobody.,true,CORE,NO,
cry_m12,Spell Thief,5,MINION,CRYSTALLINE,COMMON,4,4,,DEPLOY,DEPLOY: Copy the last spell your opponent cast. It costs (0).,What\,true,CORE,NO,
cry_s12,Overload,5,SPELL,CRYSTALLINE,COMMON,,,,,Your next spell this turn costs (0) and deals double damage.,UNLIMITED POWER! (Limited to one use per cast.) The Crystalline definition of restraint.,true,CORE,NO,
cry_m13,Prismatic Dragon,6,MINION,CRYSTALLINE,COMMON,6,6,ELEMENTAL,RESONATE,RESONATE: Deal 3 damage to a random enemy.,"Every spell you cast, it breathes fire. EVERY one. It\",true,CORE,NO,
cry_s13,Cascade,6,SPELL,CRYSTALLINE,COMMON,,,,,"Deal 6 damage to a minion. If this kills it, cast this again on a random enemy minion.",It keeps going until something stops it. Nothing stops it. The Crystalline motto: WHY STOP?,true,CORE,NO,
cry_m14,Crystal Titan,7,MINION,CRYSTALLINE,COMMON,7,8,ELEMENTAL,RESONATE,RESONATE: Gain +2/+2 and deal 2 damage to all enemies.,The mountain doesn\,true,CORE,NO,
cry_s14,Prismatic Annihilation,7,SPELL,CRYSTALLINE,COMMON,,,,,Deal 10 damage split randomly among all enemies. Costs (1) less for each spell you\,All the colors of the rainbow. All the damage of a supernova. By Turn 8 this costs pocket change.,true,CORE,NO,
cry_st1,Resonance Chamber,2,STRUCTURE,CRYSTALLINE,COMMON,,,,,Your RESONATE effects trigger an additional time.,Say it again. Louder. LOUDER. The Chamber has one rule: everything happens TWICE.,true,CORE,NO,
cry_m15,Crystal Battery,2,MINION,CRYSTALLINE,COMMON,0,4,ELEMENTAL,LAST_WORDS,LAST WORDS: Gain 2 Crystals this turn only.,Breaks open. Power falls out. The world\,true,CORE,NO,
cry_m16,Spell Amplifier,3,MINION,CRYSTALLINE,RARE,2,4,,,Your spells deal 2 extra damage.,Makes everything louder. EVERYTHING. Your 1-damage plink is now a 3-damage punch. She doesn\,true,CORE,NO,
cry_s15,Resonance Cascade,4,SPELL,CRYSTALLINE,RARE,,,,,Trigger all friendly RESONATE effects twice.,Every crystal on the board goes BOING. Then BOING again. Two boings. Unconditional. No spells required.,true,CORE,NO,
cry_s16,Geode Sage\,3,SPELL,CRYSTALLINE,RARE,,,,,"Your Hero Power costs (0) this turn. After you use it, draw 2 cards.",The sage\,true,CORE,NO,
cry_st2,Arcane Repository,4,STRUCTURE,CRYSTALLINE,RARE,,,,,"Whenever you cast a spell, add a copy of it to your hand. It costs (2) more.",Spells come back. With a surcharge. The Crystalline invented spell insurance and it\,true,CORE,NO,
cry_m17,Prismora Channeler,5,MINION,CRYSTALLINE,RARE,4,5,,RESONATE,RESONATE: The next spell you cast this turn costs (2) less.,Fuels the fire while standing in the fire. Every spell you cast makes the NEXT spell cheaper. Infinite discount energy.,true,CORE,NO,
cry_s17,Feedback Loop,3,SPELL,CRYSTALLINE,RARE,,,,,Deal 2 damage to a minion. If you\,"Infinite loop. Finite targets. If you cast three spells before this, it just keeps GOING until nothing moves.",true,CORE,NO,
cry_m18,Crystal Wyrm,6,MINION,CRYSTALLINE,RARE,5,7,ELEMENTAL,RESONATE,RESONATE: Gain DOUBLE STRIKE until end of turn.,One spell makes it attack twice. Two spells? Still twice. But now it\,true,CORE,NO,
cry_s18,Mana Flood,5,SPELL,CRYSTALLINE,RARE,,,,,Gain 3 Crystals this turn only. Draw a card for each unspent Crystal.,Too much mana? IMPOSSIBLE. Too many cards? Also impossible. The Crystalline don\,true,CORE,NO,
cry_s19,Prismatic Barrier,4,SPELL,CRYSTALLINE,RARE,,,,BARRIER,Give all friendly minions BARRIER. Draw a card for each BARRIER given.,Everyone gets a shield! And a card! Best day ever. Worst day for your opponent. Same day technically.,true,CORE,NO,
cry_m19,Runic Golem,5,MINION,CRYSTALLINE,RARE,4,6,ELEMENTAL,,Gains +2/+2 for each spell in your hand.,Checks your hand. Gets HUGE. Three spells? It\,true,CORE,NO,
cry_s20,Arcane Singularity,7,SPELL,CRYSTALLINE,RARE,,,,,Deal damage to all enemies equal to the number of spells you\,"The longer the game, the harder this hits. Turn 12 after casting 15 spells? Fifteen to the FACE of everything.",true,CORE,NO,
cry_s21,Crystallize,4,SPELL,CRYSTALLINE,RARE,,,,,Transform a minion into a 0/1 Crystal Shard.,Was a dragon. Now a paperweight. The Crystalline don\,true,CORE,NO,
cry_m20,Mana Vortex,5,MINION,CRYSTALLINE,RARE,3,5,ELEMENTAL,,"End of Turn: If you cast 3+ spells this turn, fill your hand with random spells.",Cast enough and the universe sends MORE. It\,true,CORE,NO,
cry_m21,Spellfire Elemental,6,MINION,CRYSTALLINE,RARE,5,5,ELEMENTAL,DEPLOY,DEPLOY: Cast a random spell from your deck. (Targets chosen randomly.),Doesn\,true,CORE,NO,
cry_st3,Prismatic Lens,4,STRUCTURE,CRYSTALLINE,RARE,,,,,Spells in your hand swap costs with minions in your hand. (Cheapest spell swaps with most expensive minion.),Everything is wrong. But in the RIGHT way. Your 7-cost Titan now costs 1. Your 1-cost spark costs 7. DEAL WITH IT.,true,CORE,NO,
cry_s22,Chain Lightning,3,SPELL,CRYSTALLINE,RARE,,,,,"Deal 3 damage to a minion. If it dies, cast this on a random enemy minion. Repeats up to 3 times.",Bolt bounces. Target dies. Bolt bounces AGAIN. Three kills maximum. Usually three kills exactly.,true,CORE,NO,
cry_s23,Spell Stockpile,3,SPELL,CRYSTALLINE,RARE,,,,,Draw a card for each spell you\,Cast four spells then play this: draw FIVE cards. The Crystalline reward you for doing what you were going to do ANYWAY.,true,CORE,NO,
cry_m22,Arcane Familiar,3,MINION,CRYSTALLINE,RARE,2,2,,,"Whenever you cast a spell, gain +1/+1 permanently.",Every spell makes it bigger. Permanently. By mid-game it\,true,CORE,NO,
cry_m23,Volatile Crystal,2,MINION,CRYSTALLINE,RARE,0,3,ELEMENTAL,LAST_WORDS,LAST WORDS: Cast a random spell from your hand for free. (Targets chosen randomly.),Dies. Flings a spell on the way out. It\,true,CORE,NO,
cry_s24,Spell Echo,4,SPELL,CRYSTALLINE,RARE,,,,,The next spell you cast this turn is cast twice. (Targets chosen randomly for the second cast.),Cast one spell. Get two. The copy goes wherever it WANTS. You don\,true,CORE,NO,
cry_s25,CHAIN IGNITION,2,SPELL,CRYSTALLINE,EPIC,,,,,Deal 1 damage to a random enemy. Cast this again for each spell you\,One damage. Then one more. Then one MORE. Cast five spells before this and it fires SIX times. It doesn\,true,CORE,NO,
cry_m24,LIVING SPELLBOOK,4,MINION,CRYSTALLINE,EPIC,3,5,,DEPLOY,"DEPLOY: Discover a spell. It costs (0). Whenever you cast a spell, add a random spell to your hand that costs (1) less than the spell you cast.",It\,true,CORE,NO,
cry_s26,RESONANCE OVERLOAD,5,SPELL,CRYSTALLINE,EPIC,,,,,"Trigger ALL friendly RESONATE effects three times. For the rest of this turn, your spells trigger RESONATE an additional time.",Triple boing. Then every spell after this double-triggers every crystal. It\,true,CORE,NO,
cry_m25,PRISMATIC ANOMALY,3,MINION,CRYSTALLINE,EPIC,2,4,ELEMENTAL,RESONATE,RESONATE: Cast a copy of the spell that triggered this. (Targets chosen randomly.) Your spells cost (1) less.,You cast a spell. It copies that spell. The copy triggers ANOTHER resonate. Which copies AGAIN. It\,true,CORE,NO,
cry_s27,THE GRAND CASCADE,8,SPELL,CRYSTALLINE,EPIC,,,,,Cast a copy of every spell you\,Everything you cast today? Cast it ALL AGAIN. Five spells? Five free copies. Ten spells? The game is already over but here are TEN MORE. Plus three cards because the Crystalline believe in EXCESS.,true,CORE,NO,
cry_m26,GEODE SAGE LUMIS,9,MINION,CRYSTALLINE,LEGENDARY,6,8,,DEPLOY,"STARFORGE -- After casting 25 spells: Transform into LUMIS, ARCANE AVATAR -- 10/12. ALL spells you cast are cast twice. Your spells cost (3) less. RESONATE effects trigger three times.",He didn\,true,CORE,YES,
cry_m27,THE INFINITE PRISM,10,MINION,CRYSTALLINE,LEGENDARY,0,15,ELEMENTAL,,STARFORGED -- enhanced. Gains enhanced abilities and BARRIER.,It does nothing. Then it does EVERYTHING. Twice. Every spell you cast gets replayed at end of turn for free. It\,true,CORE,YES,
cry_m28,ARCHMAGE PRISCILLA,7,MINION,CRYSTALLINE,LEGENDARY,5,6,,DEPLOY,STARFORGED -- 9/10. Gains enhanced abilities and BARRIER.,A hand full of cheap spells. Every cast discounts the next. She doesn\,true,CORE,YES,
cry_m29,CRYSTAL ANARCHIST ZAEL,4,MINION,CRYSTALLINE,LEGENDARY,3,4,,DEPLOY,STARFORGED -- 7/8. Gains enhanced abilities and BARRIER.,He hijacked resonance itself. Now YOUR opponent\,true,CORE,YES,
cry_s28,THE FIRST SPELL,0,SPELL,CRYSTALLINE,LEGENDARY,,,,,STARFORGED -- enhanced. Gains enhanced abilities and BARRIER.,Zero mana. Maximum damage. It counts every spell you ever cast and delivers the bill in one hit. Turn 15 after 20 spells? Twenty damage and three cards. It\,true,CORE,YES,
phc_m1,Deckhand Specter,1,MINION,PHANTOM_CORSAIRS,COMMON,2,1,PIRATE,CLOAK,CLOAK.,"You hired a ghost pirate. It showed up invisible, stole your lunch, and vanished. Employee of the month.",true,CORE,NO,
phc_m2,Phantom Parrot,1,MINION,PHANTOM_CORSAIRS,COMMON,1,1,PIRATE,DEPLOY,DEPLOY: Copy the last card your opponent played. It costs (1).,BAWK! I\,true,CORE,NO,
phc_s1,Ghostly Cutlass,1,SPELL,PHANTOM_CORSAIRS,COMMON,,,,CLOAK; PHASE,"Give a minion +2 Attack. If it has CLOAK or PHASE, give +3 instead.",Invisible swords hit harder. This is established ghost science. Peer reviewed by dead scientists.,true,CORE,NO,
phc_s2,Plunder,1,SPELL,PHANTOM_CORSAIRS,COMMON,,,,,Copy a random card from your opponent\,What\,true,CORE,NO,
phc_m3,Stowaway,1,MINION,PHANTOM_CORSAIRS,COMMON,1,1,PIRATE,CLOAK; LAST_WORDS,STARFORGED -- 5/5. Gains enhanced abilities and BARRIER.,Tiny. Sneaky. Carrying a LEGENDARY in its coat? How? WHERE? It\,true,CORE,YES,
phc_m4,Smuggler\,2,MINION,PHANTOM_CORSAIRS,COMMON,3,2,PIRATE,SWIFT,SWIFT.,Fast hands. Faster exit. He\,true,CORE,NO,
phc_m5,Ghost Gunner,2,MINION,PHANTOM_CORSAIRS,COMMON,2,2,PIRATE,PHASE; DEPLOY,PHASE. DEPLOY: Deal 1 damage to a random enemy.,Can\,true,CORE,NO,
phc_m6,Pickpocket,2,MINION,PHANTOM_CORSAIRS,COMMON,2,3,PIRATE,,"Whenever this attacks, add a random card from your opponent\",Every swing is a shopping spree. She doesn\,true,CORE,NO,
phc_s3,Smoke Bomb,2,SPELL,PHANTOM_CORSAIRS,COMMON,,,,CLOAK,Give a friendly minion CLOAK and +1/+1. Draw a card.,Now you see it. Now you don\,true,CORE,NO,
phc_s4,Cheap Shot,2,SPELL,PHANTOM_CORSAIRS,COMMON,,,,,Deal 2 damage. If you\,Fight dirty. Fight dirtier if you stole something first. The Corsair code has ONE rule: there are no rules.,true,CORE,NO,
phc_m7,Phantom Blade,3,MINION,PHANTOM_CORSAIRS,COMMON,4,2,PIRATE,CLOAK; SWIFT,CLOAK. SWIFT.,Appears. Stabs. Disappears. The Corsairs call this a \,true,CORE,NO,
phc_m8,Cargo Raider,3,MINION,PHANTOM_CORSAIRS,COMMON,3,3,PIRATE,DEPLOY,DEPLOY: Add a copy of a random card from your opponent\,Found this in your cargo hold. Mine now. Found that too. Also mine. Actually everything in here is mine now.,true,CORE,NO,
phc_m9,Spectral Rigging,3,MINION,PHANTOM_CORSAIRS,COMMON,2,4,PIRATE,PHASE,PHASE. Gains +1/+1 whenever you play a stolen card.,Grows on stolen goods. Every pilfered card makes it stronger. It\,true,CORE,NO,
phc_s5,Hijack,3,SPELL,PHANTOM_CORSAIRS,COMMON,,,,,Take control of an enemy minion with 3 or less Attack until end of turn. It gains BLITZ.,Borrowed. Without asking. With EXTREME violence. The Corsairs don\,true,CORE,NO,
phc_s6,Ghostwalk,3,SPELL,PHANTOM_CORSAIRS,COMMON,,,,PHASE,Give all friendly minions PHASE until your next turn.,The whole crew goes invisible. Your opponent swings at nothing. Misses everything. Questions their career choices.,true,CORE,NO,
phc_m10,Swindler,3,MINION,PHANTOM_CORSAIRS,COMMON,3,3,PIRATE,DEPLOY,DEPLOY: Swap a card from your hand with a random card from your opponent\,Fair trade! He gives you his worst card. Takes your best. Smiles the whole time. Space pirate diplomacy.,true,CORE,NO,
phc_m11,Corsair Quartermaster,4,MINION,PHANTOM_CORSAIRS,COMMON,3,4,PIRATE,,Your Pirates have +1 Attack. Stolen cards in your hand cost (1) less.,Manages the loot AND the crew. Multi-tasking pirate. His spreadsheets are written on stolen napkins.,true,CORE,NO,
phc_m12,Wraithship Gunner,4,MINION,PHANTOM_CORSAIRS,COMMON,4,3,PIRATE,PHASE; DEPLOY,PHASE. DEPLOY: Deal 2 damage to a minion.,Shoots from between dimensions. You can\,true,CORE,NO,
phc_s7,Ransack,4,SPELL,PHANTOM_CORSAIRS,COMMON,,,,,Steal 2 random cards from your opponent\,Grand theft card game. They had seven cards. Now they have five. You have nine. Pirate math.,true,CORE,NO,
phc_s8,Spectral Ambush,4,SPELL,PHANTOM_CORSAIRS,COMMON,,,,,Deal 3 damage to all enemy minions. Your PHASE and CLOAK minions are unaffected.,Our ghosts? Fine. Their everything? WRECKED. Advantages of being dead: you\,true,CORE,NO,
phc_m13,Phantom Duelist,5,MINION,PHANTOM_CORSAIRS,COMMON,5,4,PIRATE,PHASE; SWIFT,PHASE. SWIFT.,Fights you. You can\,true,CORE,NO,
phc_m14,Ghost Fleet Raider,5,MINION,PHANTOM_CORSAIRS,COMMON,4,5,PIRATE,DEPLOY,DEPLOY: Add 3 random cards from your opponent\,Loots first. Asks questions to the wreckage. Three cards stolen. Three discounts applied. Three reasons to concede.,true,CORE,NO,
phc_s9,Identity Theft,5,SPELL,PHANTOM_CORSAIRS,COMMON,,,,,Discover a copy of a card in your opponent\,I\,true,CORE,NO,
phc_s10,Boarding Party,5,SPELL,PHANTOM_CORSAIRS,COMMON,,,,,Summon three 2/2 Corsair Ghosts with PHASE.,Three spectral pirates materialize on your board. Can\,true,CORE,NO,
phc_m15,Phantom Dreadnought,6,MINION,PHANTOM_CORSAIRS,COMMON,6,5,PIRATE,PHASE; CLOAK,PHASE. CLOAK. (Fully untargetable until it attacks.),You can\,true,CORE,NO,
phc_s11,Grand Heist,6,SPELL,PHANTOM_CORSAIRS,COMMON,,,,,Copy your opponent\,Their hand is now YOUR hand. Their strategy is now YOUR strategy. But more expensive. Piracy has overhead.,true,CORE,NO,
phc_m16,Ghost Galleon,7,MINION,PHANTOM_CORSAIRS,COMMON,7,6,PIRATE,PHASE; DEPLOY,PHASE. DEPLOY: Summon two 3/3 Phantom Pirates with CLOAK.,A ghost ship crewed by ghost pirates. Obviously. They\,true,CORE,NO,
phc_s12,Mutiny,7,SPELL,PHANTOM_CORSAIRS,COMMON,,,,,Take control of an enemy minion with the highest Attack. It gains PHASE.,Your best minion works for us now. AND you can\,true,CORE,NO,
phc_st1,Smuggler\,2,STRUCTURE,PHANTOM_CORSAIRS,COMMON,,,,,"Whenever you play a stolen card, draw a card.","Every stolen card comes with a free bonus card. Pirate loyalty rewards program. Infinite plundering, infinite draws.",true,CORE,NO,
phc_m17,Pocket Thief,2,MINION,PHANTOM_CORSAIRS,COMMON,1,3,PIRATE,DEPLOY,DEPLOY: Add a random card from your opponent\,Five-finger discount. In SPACE. Across DIMENSIONS. She pickpockets through the fabric of reality.,true,CORE,NO,
phc_m18,First Mate Phantom,3,MINION,PHANTOM_CORSAIRS,RARE,3,4,PIRATE,PHASE,"PHASE. Whenever you play a stolen card, gain +2/+1.",Fueled by theft. Literally. Every stolen card pumps him. Play five stolen cards and he\,true,CORE,NO,
phc_s13,Ghostly Sabotage,3,SPELL,PHANTOM_CORSAIRS,RARE,,,,,Destroy an enemy Structure. Add a copy of it to your hand. It costs (0).,Nice structure you had there. HAD. Past tense. It\,true,CORE,NO,
phc_m19,Spectral Assassin,4,MINION,PHANTOM_CORSAIRS,RARE,5,2,PIRATE,CLOAK; BANE,CLOAK. BANE.,The last thing you never see. One touch kills anything. And you can\,true,CORE,NO,
phc_st2,Contraband Market,4,STRUCTURE,PHANTOM_CORSAIRS,RARE,,,,,"Stolen cards in your hand cost (2) less. Whenever you play a stolen card, add a random card from your opponent\",Black market: open for business. Everything\,true,CORE,NO,
phc_s14,Phantom Swap,3,SPELL,PHANTOM_CORSAIRS,RARE,,,,,Swap a friendly minion with a random enemy minion. Your swapped minion gains PHASE.,Theirs is yours. Yours is theirs. But yours has PHASE so they can\,true,CORE,NO,
phc_s15,Corsair Ambush,5,SPELL,PHANTOM_CORSAIRS,RARE,,,,,Summon three 3/2 Phantom Pirates with CLOAK and SWIFT.,Three ghosts walk into your board. This isn\,true,CORE,NO,
phc_m20,Ethereal Smuggler,4,MINION,PHANTOM_CORSAIRS,RARE,4,3,PIRATE,PHASE; DEPLOY,PHASE. DEPLOY: Copy the top card of your opponent\,Steals it. Plays it TWICE. Because stealing it once wasn\,true,CORE,NO,
phc_s16,Haunt,3,SPELL,PHANTOM_CORSAIRS,RARE,,,,,Give an enemy minion -3/-1. Give a friendly Pirate +3/+1.,Drains their power. Fills yours. Hauntingly efficient. Zero-sum ghostonomics.,true,CORE,NO,
phc_s17,Wraithship Bombardment,6,SPELL,PHANTOM_CORSAIRS,RARE,,,,,Deal 2 damage to all enemies for each PHASE minion you control.,Ghost ships have ghost cannons. Ghost cannons do REAL damage. Three PHASE minions? Six to everything. They can\,true,CORE,NO,
phc_m21,Fence,5,MINION,PHANTOM_CORSAIRS,RARE,4,4,PIRATE,DEPLOY,DEPLOY: Transform all stolen cards in your hand into Legendaries from your opponent\,Upgrades your stolen goods to PREMIUM stolen goods. Three stolen commons become three stolen LEGENDARIES. The Fence knows people.,true,CORE,NO,
phc_st3,Void Anchor,4,STRUCTURE,PHANTOM_CORSAIRS,RARE,,,,CLOAK; PHASE,"Your PHASE minions have +2 Attack. Whenever a PHASE minion attacks, give it CLOAK at end of turn.",Attacks. Vanishes. Reappears. Attacks. Vanishes. The ghost protocol: never stay visible. Never stop stabbing.,true,CORE,NO,
phc_m22,Ghostly Crew,6,MINION,PHANTOM_CORSAIRS,RARE,4,4,PIRATE,DEPLOY,DEPLOY: Summon a copy of each PHASE minion on your board.,Double the ghosts. Double the trouble. Three PHASE minions? Now SIX. Can\,true,CORE,NO,
phc_s18,Plunderstorm,5,SPELL,PHANTOM_CORSAIRS,RARE,,,,,Steal a random card from your opponent\,Four pirates? Four stolen cards. They\,true,CORE,NO,
phc_m23,Phase Stalker,5,MINION,PHANTOM_CORSAIRS,RARE,5,3,PIRATE,PHASE,"PHASE. Whenever this attacks, steal a random card from your opponent\",Hits you AND robs you. Every single attack. Can\,true,CORE,NO,
phc_st4,Netherstorm Portal,5,STRUCTURE,PHANTOM_CORSAIRS,RARE,,,,,Start of Turn: Add a random card from your opponent\,Free daily delivery of someone else\,true,CORE,NO,
phc_s19,Treasure Map,2,SPELL,PHANTOM_CORSAIRS,RARE,,,,,"SCRY (3). Draw 2 cards. If either is a Pirate, it costs (2) less.",X marks the spot. The spot is in your deck. The treasure is cheap pirates. ARRR.,true,CORE,NO,
phc_s20,Ghostfire Cannon,4,SPELL,PHANTOM_CORSAIRS,RARE,,,,,"Deal 3 damage. If you played a stolen card this turn, deal 3 damage again to a random enemy.",Fires once. Stole something today? Fires AGAIN. Piracy makes everything hit harder. Even cannons.,true,CORE,NO,
phc_m24,Spectral Boarders,3,MINION,PHANTOM_CORSAIRS,RARE,2,2,PIRATE,CLOAK; DEPLOY,CLOAK. DEPLOY: Steal a random spell from your opponent\,Boards your deck. Takes a spell. Hides. Uses it against you later. This is what pirates DO.,true,CORE,NO,
phc_s21,Dead Man\,3,SPELL,PHANTOM_CORSAIRS,RARE,,,,,Return all Pirates that died this turn to your hand. They cost (2) less.,Killed our crew? They\,true,CORE,NO,
phc_m25,Loot Hoarder,4,MINION,PHANTOM_CORSAIRS,RARE,3,5,PIRATE,,Gains +1/+1 for each stolen card you\,Counts every stolen card. Grows from every heist. By late game it\,true,CORE,NO,
phc_m26,SPECTRAL FLAGSHIP,7,MINION,PHANTOM_CORSAIRS,EPIC,5,7,PIRATE,PHASE,"PHASE. Your other Pirates have +2/+2 and PHASE. At end of turn, summon a 3/3 Phantom Pirate with CLOAK.",The flagship that can\,true,CORE,NO,
phc_s22,THE GREAT TRAIN ROBBERY,4,SPELL,PHANTOM_CORSAIRS,EPIC,,,,,Steal the top 3 cards of your opponent\,Three cards ripped straight from their future. Spells fire on arrival. Minions are free. The Corsairs don\,true,CORE,NO,
phc_m27,GHOST IN THE MACHINE,3,MINION,PHANTOM_CORSAIRS,EPIC,2,3,PIRATE,PHASE; DEPLOY,"PHASE. DEPLOY: For the rest of the game, whenever your opponent draws a card, add a copy to your hand. It costs (2) more.",Every. Card. They. Draw. You get a copy. EVERY one. For the REST of the game. They draw their win condition? You have it too. They draw removal? You ALSO have removal. The Ghost sees everything. The Ghost TAKES everything.,true,CORE,NO,
phc_s23,PHANTOM ARMADA,6,SPELL,PHANTOM_CORSAIRS,EPIC,,,,,Summon a 3/3 Phantom Pirate with PHASE for each card you\,Stole five cards? Five 3/3 PHASE pirates. Can\,true,CORE,NO,
phc_s24,DIMENSIONAL HEIST,8,SPELL,PHANTOM_CORSAIRS,EPIC,,,,,Copy your opponent\,Their deck is now YOUR deck. Every card. Every combo. Every win condition. Except YOUR copies are cheaper. You didn\,true,CORE,NO,
phc_m28,CAPTAIN SHADOWVANE,8,MINION,PHANTOM_CORSAIRS,LEGENDARY,5,5,PIRATE,PHASE; DEPLOY,"STARFORGE -- After stealing 15 cards: Transform into SHADOWVANE, THE GHOST KING -- 12/10, PHASE. Steal your opponent\",He doesn\,true,CORE,YES,
phc_m29,THE NETHERSTORM,9,MINION,PHANTOM_CORSAIRS,LEGENDARY,0,12,,PHASE,STARFORGED -- enhanced. Gains enhanced abilities and BARRIER.,It\,true,CORE,YES,
phc_m30,PHANTOM ADMIRAL WRAITH,7,MINION,PHANTOM_CORSAIRS,LEGENDARY,5,5,PIRATE,PHASE; DEPLOY,"STARFORGE -- After playing 10 stolen cards: Transform into ADMIRAL OF THE DAMNED -- 10/10, PHASE. ALL Pirates have PHASE and +3/+3. Whenever you play ANY card, steal a card from your opponent\",The Admiral arrives. Every pirate goes invisible. Every stolen card recruits another ghost. She commands a fleet you can\,true,CORE,YES,
phc_m31,JACK \,4,MINION,PHANTOM_CORSAIRS,LEGENDARY,3,3,PIRATE,CLOAK; DEPLOY,STARFORGED -- 7/7. Gains enhanced abilities and BARRIER.,Hits. Steals. Vanishes. Every attack re-cloaks him. Every decloak steals ANOTHER card. He\,true,CORE,YES,
phc_s25,THE GHOST TIDE,10,SPELL,PHANTOM_CORSAIRS,LEGENDARY,,,,,STARFORGED -- enhanced. Gains enhanced abilities and BARRIER.,Their hand: gone. Replaced with self-damage. Your board: full of untargetable ghosts. The Ghost Tide doesn\,true,CORE,YES,
hiv_m1,Worker Drone,1,MINION,HIVEMIND,COMMON,1,1,INSECT,SWARM,SWARM. (Gets +1/+1 for each other friendly minion.),Alone: pathetic. With one friend: slightly less pathetic. With six friends: a 7/7 that REMEMBERS being pathetic.,true,CORE,NO,
hiv_s1,Spawning Pit,1,SPELL,HIVEMIND,COMMON,,,,,Summon two 1/1 Drones.,Two for one mana. The Hivemind\,true,CORE,NO,
hiv_m2,Hatchling Burst,1,MINION,HIVEMIND,COMMON,1,1,INSECT,LAST_WORDS,LAST WORDS: Summon two 1/1 Drones.,Kill one. Get two. Kill those two. Get FOUR. The Hivemind\,true,CORE,NO,
hiv_s2,Chitin Shell,1,SPELL,HIVEMIND,COMMON,,,,GUARDIAN,Give a minion +0/+2 and GUARDIAN.,Hard outside. Soft inside. The Hivemind doesn\,true,CORE,NO,
hiv_m3,Skittering Scout,1,MINION,HIVEMIND,COMMON,1,2,INSECT,DEPLOY,"DEPLOY: If you control 2+ other minions, draw a card.",Reports back to the collective. The collective is VERY interested. The collective is ALWAYS interested.,true,CORE,NO,
hiv_m4,Brood Tender,2,MINION,HIVEMIND,COMMON,2,2,INSECT,DEPLOY,DEPLOY: Summon a 1/1 Drone.,Babysitter of the apocalypse. She\,true,CORE,NO,
hiv_m5,Swarm Striker,2,MINION,HIVEMIND,COMMON,2,1,INSECT,SWARM; SWIFT,SWARM. SWIFT.,Fast. Numerous. Disposable. The Hivemind\,true,CORE,NO,
hiv_s3,Infest,2,SPELL,HIVEMIND,COMMON,,,,,Summon three 1/1 Drones.,Congratulations! Your board has bugs. Three of them. They\,true,CORE,NO,
hiv_m6,Acid Spitter,2,MINION,HIVEMIND,COMMON,2,2,INSECT,DEPLOY,DEPLOY: Deal 1 damage for each other friendly minion you control.,Aim is optional. Volume is MANDATORY. Five friends on board? Five acid globs. The Hivemind calls this \,true,CORE,NO,
hiv_s4,Pheromone Trail,2,SPELL,HIVEMIND,COMMON,,,,,Give all friendly minions +1 Attack this turn. Draw a card.,Follow the scent. Of victory. And also of several billion insects. Mostly the insects.,true,CORE,NO,
hiv_m7,Tunnel Burrower,3,MINION,HIVEMIND,COMMON,2,4,INSECT,GUARDIAN; SWARM,GUARDIAN. SWARM.,Digs in. Grows with the hive. With six friends it\,true,CORE,NO,
hiv_m8,Hive Warrior,3,MINION,HIVEMIND,COMMON,3,2,INSECT,SWARM; SWIFT,SWARM. SWIFT.,The hive\,true,CORE,NO,
hiv_s5,Brood Burst,3,SPELL,HIVEMIND,COMMON,,,,,Summon 1/1 Drones until you have 5 minions.,"Board half empty? Board half FULL OF BUGS. The Hivemind is an optimist. A terrifying, chitinous optimist.",true,CORE,NO,
hiv_s6,Feed the Swarm,3,SPELL,HIVEMIND,COMMON,,,,,Destroy a friendly minion. Give all other friendly minions +2/+1.,One drone dies. The rest absorb its nutrients. Nobody mourns. Everybody grows. Standard Tuesday.,true,CORE,NO,
hiv_m9,Swarm Feeder,3,MINION,HIVEMIND,COMMON,2,3,INSECT,,End of Turn: Summon a 1/1 Drone.,Produces drones. Endlessly. Tirelessly. It\,true,CORE,NO,
hiv_m10,Venomsting,3,MINION,HIVEMIND,COMMON,2,2,INSECT,BANE; SWARM,BANE. SWARM.,Poisonous AND it grows with friends. Nature\,true,CORE,NO,
hiv_m11,Hive Coordinator,4,MINION,HIVEMIND,COMMON,3,4,INSECT,DEPLOY,Your SWARM minions have +1/+1. DEPLOY: Summon a 1/1 Drone.,Middle management. But BANE middle management. Her performance reviews are written in pheromones and violence.,true,CORE,NO,
hiv_m12,Chitin Charger,4,MINION,HIVEMIND,COMMON,4,3,INSECT,SWARM; BLITZ,SWARM. BLITZ.,Charges in. Is suddenly enormous because friends exist. Five friends? It\,true,CORE,NO,
hiv_s7,Plague Swarm,4,SPELL,HIVEMIND,COMMON,,,,,Deal 1 damage to all enemy minions for each friendly minion you control.,More bugs equals more pain. Simple entomology. Seven minions? Seven damage to EVERYTHING they have.,true,CORE,NO,
hiv_s8,Cocoon,4,SPELL,HIVEMIND,COMMON,,,,,Destroy a friendly minion. Summon a random Insect that costs (3) more from your deck.,Goodbye larva. Hello NIGHTMARE. A 1-cost Drone goes in. A 4-cost horror comes out. Evolution speedrun.,true,CORE,NO,
hiv_m13,Brood Lord,5,MINION,HIVEMIND,COMMON,4,5,INSECT,SWARM,"SWARM. Whenever this attacks, summon two 1/1 Drones.",Attacks AND reproduces simultaneously. Multitasking nightmare. Every swing makes two more friends to count.,true,CORE,NO,
hiv_s9,Swarm Tide,5,SPELL,HIVEMIND,COMMON,,,,,Fill your board with 1/1 Drones.,MAXIMUM BUGS. From zero to seven in one card. The board is FULL. The Hivemind is PLEASED.,true,CORE,NO,
hiv_m14,Hiveguard,5,MINION,HIVEMIND,COMMON,3,7,INSECT,GUARDIAN; SWARM,GUARDIAN. SWARM. Gains +0/+2 for each other friendly minion.,A wall of chitin that gets thicker when friends arrive. Full board? It\,true,CORE,NO,
hiv_s10,Devouring Tide,5,SPELL,HIVEMIND,COMMON,3,3,,,"Give all friendly minions +2/+2. If you have 5+ minions, give +3/+3 instead.",The swarm eats. The swarm GROWS. Five minions just became five BIGGER minions. The math compounds.,true,CORE,NO,
hiv_m15,Titan Beetle,6,MINION,HIVEMIND,COMMON,6,6,INSECT,SWARM; GUARDIAN; LAST_WORDS,SWARM. GUARDIAN. LAST WORDS: Summon three 1/1 Drones.,Big bug. Big wall. Dies big. Spawns three more problems. The Hivemind\,true,CORE,NO,
hiv_s11,Swarm Intelligence,6,SPELL,HIVEMIND,COMMON,,,,,Draw a card for each friendly minion. Give all friendly minions +1/+1.,The hive thinks. The hive DRAWS SEVEN CARDS. The hive grows +1/+1 across the board. The hive is VERY smart.,true,CORE,NO,
hiv_m16,Hive Colossus,7,MINION,HIVEMIND,COMMON,5,5,INSECT,SWARM; DEPLOY,SWARM. DEPLOY: Fill your board with 1/1 Drones. ALL friendly minions gain SWARM.,Everything on the board is now part of the hive. That random Mech you stole? It has SWARM now. It\,true,CORE,NO,
hiv_s12,Extinction Swarm,7,SPELL,HIVEMIND,COMMON,,,,,Destroy all enemy minions. Summon a 1/1 Drone for each minion destroyed.,They died. We bred. Circle of BUGS. Their entire board became our nursery. The Hivemind says thank you.,true,CORE,NO,
hiv_m17,Egg Sac,1,MINION,HIVEMIND,COMMON,0,2,INSECT,LAST_WORDS,LAST WORDS: Summon three 1/1 Drones.,So fragile. So full of BUGS. Pop it and three angry children spill out. Don\,true,CORE,NO,
hiv_st1,Hive Nexus,3,STRUCTURE,HIVEMIND,COMMON,,,,,Your Drones have +1/+1.,1/1 Drones? No. 2/2 Drones. That\,true,CORE,NO,
hiv_m18,Swarm Matriarch,4,MINION,HIVEMIND,RARE,3,5,INSECT,,"Whenever a friendly minion dies, summon a 1/1 Drone.",Every death is a birth. Every trade spawns a replacement. She turns your opponent\,true,CORE,NO,
hiv_s13,Explosive Hatchlings,3,SPELL,HIVEMIND,RARE,,,,LAST_WORDS,Summon three 1/1 Drones with LAST WORDS: Deal 1 damage to a random enemy.,Suicide bomber bugs. They\,true,CORE,NO,
hiv_s14,Hivemind Synapse,4,SPELL,HIVEMIND,RARE,,,,,Double the Attack and Health of all 1/1 minions you control.,1/1s become 2/2s. Seven 2/2s is 14/14 total stats. BUG MATH. It\,true,CORE,NO,
hiv_st2,Brood Pit,4,STRUCTURE,HIVEMIND,RARE,,,,,Start of Turn: Summon two 1/1 Drones. Your SWARM bonuses count Drones twice.,The factory never stops. Never SLEEPS. Two drones every turn. And each one counts DOUBLE for SWARM. The math is sick.,true,CORE,NO,
hiv_m19,Parasite Injector,3,MINION,HIVEMIND,RARE,2,3,INSECT,DEPLOY,"DEPLOY: Plant a Parasite on an enemy minion. At start of your turn, it takes 2 damage and you summon a 1/1 Drone.",It\,true,CORE,NO,
hiv_s15,Swarm Frenzy,4,SPELL,HIVEMIND,RARE,,,,,All friendly minions attack a random enemy. (They don\,CHARGE! ALL OF YOU! EVERYWHERE! AT ONCE! Seven minions. Seven random attacks. THEN your normal attack phase. Absolute mayhem.,true,CORE,NO,
hiv_m20,Queen\,5,MINION,HIVEMIND,RARE,5,4,INSECT,SWARM; BARRIER,"SWARM. BARRIER. Whenever this kills a minion, summon two 1/1 Drones.",Kills for the queen. Breeds for the queen. Has BARRIER because the queen said so. Employee of every month.,true,CORE,NO,
hiv_s16,Adaptive Carapace,3,SPELL,HIVEMIND,RARE,,,,GUARDIAN,Give a minion +1/+1 for each other friendly minion. Give it GUARDIAN.,Full board? That\,true,CORE,NO,
hiv_s17,Infestation,5,SPELL,HIVEMIND,RARE,,,,,Summon 1/1 Drones on your opponent\,Their board? Infested. Their minion slots? OURS. Their Drones hit THEM. The Hivemind\,true,CORE,NO,
hiv_m21,Centipede Horror,6,MINION,HIVEMIND,RARE,4,4,INSECT,DEPLOY,DEPLOY: Gain +1/+1 for each friendly minion that died this game.,It remembers every fallen drone. Every dead Egg Sac. Every sacrificed worker. It carries their RAGE. And their STATS.,true,CORE,NO,
hiv_s18,Chitinous Evolution,5,SPELL,HIVEMIND,RARE,,,,,Transform all 1/1 Drones you control into 3/3 Evolved Drones with SWARM.,Remember those harmless little bugs? They\,true,CORE,NO,
hiv_s19,Colony Collapse,6,SPELL,HIVEMIND,RARE,,,,,Destroy all friendly minions. Deal 2 damage to all enemies for each minion destroyed.,Seven minions die. Fourteen damage to everything on the other side. The hive sacrifices itself. The enemy dies anyway.,true,CORE,NO,
hiv_m22,Brood Carrier,5,MINION,HIVEMIND,RARE,4,6,INSECT,GUARDIAN; LAST_WORDS,GUARDIAN. LAST WORDS: Summon four 1/1 Drones with SWARM.,A walking nursery. Kill it and FOUR more problems crawl out. Each one counts friends. Each one grows.,true,CORE,NO,
hiv_s20,Pheromone Bomb,3,SPELL,HIVEMIND,RARE,,,,LAST_WORDS,Give a minion LAST WORDS: Summon 1/1 Drones equal to this minion\,Die big? Spawn big. Strap this on a 7-Attack minion and it RAINS drones when it pops. Seven drones. From one corpse.,true,CORE,NO,
hiv_st3,Spawning Chamber,5,STRUCTURE,HIVEMIND,RARE,,,,,"Whenever you summon a Drone, give all other Drones +1/+1.",Every drone that hatches buffs every drone that already exists. Summon three? That\,true,CORE,NO,
hiv_m23,Corpse Eater,4,MINION,HIVEMIND,RARE,2,5,INSECT,,"Whenever a friendly minion dies, gain +2/+1 and SWIFT.",Feeds on the dead. Gets faster and angrier with every funeral. By late game it\,true,CORE,NO,
hiv_st4,Tunnel Network,3,STRUCTURE,HIVEMIND,RARE,,,,,"Your minions with SWARM have +1 Health. Whenever a SWARM minion dies, summon a 1/1 Drone.",They live in the walls. They die in the walls. And the walls just MAKE MORE. The network never thins.,true,CORE,NO,
hiv_m24,Bile Launcher,4,MINION,HIVEMIND,RARE,3,3,INSECT,DEPLOY,DEPLOY: Deal 1 damage to all enemy minions. Summon a 1/1 Drone for each minion damaged.,Sprays acid. Breeds from the carnage. Five enemies hit? Five new drones. Biological warfare AND reproduction in one spit.,true,CORE,NO,
hiv_s21,Sacrifice Protocol,2,SPELL,HIVEMIND,RARE,,,,,Destroy all friendly Drones. Draw a card for each one destroyed.,Five drones die. Five cards drawn. The Hivemind considers drones a RESOURCE. Not a POPULATION.,true,CORE,NO,
hiv_s22,Swarm Recall,4,SPELL,HIVEMIND,RARE,,,,,Summon copies of all Drones that died this turn.,They died this turn. Now they\,true,CORE,NO,
hiv_s23,SWARM SINGULARITY,5,SPELL,HIVEMIND,EPIC,,,,,Merge ALL friendly minions into one. Its Attack and Health equal the total of all merged minions. It has all their keywords and SWARM.,"Seven minions walk in. One ABOMINATION walks out. A 1/1, a 3/2, a 4/5, two 2/2s — combined into a 12/12 with SWARM, BANE, GUARDIAN, and a grudge the size of a star system. The Hivemind\",true,CORE,NO,
hiv_m25,BIRTH/DEATH ENGINE,3,MINION,HIVEMIND,EPIC,0,5,INSECT,,"Whenever a friendly minion dies, summon TWO 1/1 Drones. Whenever a Drone is summoned, deal 1 damage to all enemies.",Every death spawns two. Every spawn hurts everything. Kill a drone? Two more hatch. Two pings fire. Those drones die? FOUR more. FOUR pings. It doesn\,true,CORE,NO,
hiv_s24,OVERMIND DIRECTIVE,4,SPELL,HIVEMIND,EPIC,,,,,"For the rest of this turn, whenever you summon a minion, summon a copy of it. At end of turn, give ALL friendly minions +1/+1 for each minion you control.",Every summon doubles. EVERY one. Play Infest? Six drones. Play Swarm Tide? FOURTEEN. Then everything on your board gets +1/+1 for each body present. The Hivemind just told every cell to DIVIDE.,true,CORE,NO,
hiv_s25,THE GREAT MOLT,6,SPELL,HIVEMIND,EPIC,,,,,Transform ALL friendly minions into random Insects that cost (2) more. Give them all SWARM.,"Every drone. Every token. Every tiny 1/1 nothing — transformed into a BIGGER, meaner Insect. Seven 1/1 drones become seven random 3-cost Insects with SWARM. That\",true,CORE,NO,
hiv_m26,BROOD TYRANT,7,MINION,HIVEMIND,EPIC,6,6,INSECT,SWARM; DEPLOY,SWARM. DEPLOY: Summon 1/1 copies of every other minion on YOUR board. (They become Drones with SWARM.),"It arrives. Then it COPIES everything you have. Four minions on board? Four 1/1 clones appear — all Drones, all SWARM. The Tyrant doesn\",true,CORE,NO,
hiv_m27,OVERMIND SKRYX,9,MINION,HIVEMIND,LEGENDARY,5,10,INSECT,SWARM; DEPLOY; SWIFT,"STARFORGE -- After summoning 50 Drones: Transform into SKRYX, THE INFINITE SWARM -- 8/20, SWARM. Drones have SWARM, SWIFT, and BANE. Start of Turn: Fill your board with 1/1 Drones. Whenever a Drone attacks, summon another Drone.",One mind controls them all. One mind says: MORE. Every drone that hatches pumps the entire hive. Every drone has SWIFT. The Overmind doesn\,true,CORE,YES,
hiv_m28,THE LIVING HIVE,8,MINION,HIVEMIND,LEGENDARY,3,3,INSECT,LAST_WORDS,STARFORGED -- 7/7. Gains enhanced abilities and BARRIER.,Kill it. Go ahead. Six more appear. Kill THOSE. Six more EACH. The Living Hive doesn\,true,CORE,YES,
hiv_m29,THE BROOD MOTHER,8,MINION,HIVEMIND,LEGENDARY,6,8,INSECT,SWARM; DEPLOY,"STARFORGE -- After summoning 30 Drones: Transform into THE HIVE EMPRESS -- 10/15, SWARM. DEPLOY: Fill your board with 4/4 Elite Drones with SWARM. ALL SWARM bonuses are tripled. Start of Turn: Summon Drones until your board is full.",She doesn\,true,CORE,YES,
hiv_m30,QUEEN PARASITHRA,5,MINION,HIVEMIND,LEGENDARY,4,4,INSECT,DEPLOY,STARFORGED -- 8/8. Gains enhanced abilities and BARRIER.,Every enemy bleeds. Every bleed spawns a drone. Every death feeds the Queen. She infested an entire fleet by LOOKING at it. The Hivemind\,true,CORE,YES,
hiv_m31,THE FIRST DRONE,1,MINION,HIVEMIND,LEGENDARY,1,1,INSECT,SWARM,STARFORGED -- 5/5. Gains enhanced abilities and BARRIER.,The original. The ancestor. One drone that breeds from every summon. Play one minion? Two drones appear. Play three? Six drones. It can\,true,CORE,YES,
ast_m1,Stargazer Initiate,1,MINION,ASTROMANCERS,COMMON,1,3,,SCRY,"SCRY (2). (Look at the top 2 cards of your deck, rearrange in any order.)",Sees the future. Rearranges it. Gets a C+ in Divination class anyway.,true,CORE,NO,
ast_s1,Cosmic Insight,1,SPELL,ASTROMANCERS,COMMON,,,,,Draw a card. SCRY (2).,One card now. Two cards arranged for later. Patience is a weapon and you just loaded it.,true,CORE,NO,
ast_m2,Nova Wisp,1,MINION,ASTROMANCERS,COMMON,1,1,ELEMENTAL,DEPLOY,DEPLOY: Draw a card.,Small. Bright. Comes with a free card. The galaxy\,true,CORE,NO,
ast_s2,Stellar Compass,1,SPELL,ASTROMANCERS,COMMON,,,,,SCRY (3). Draw a card.,Points to destiny. Also points to the bathroom. Multi-functional.,true,CORE,NO,
ast_m3,Astral Moth,1,MINION,ASTROMANCERS,COMMON,2,1,ELEMENTAL,LAST_WORDS,LAST WORDS: SCRY (2).,Dies beautifully. Shows you the future on the way out. 10/10 moth. Would mourn again.,true,CORE,NO,
ast_m4,Constellation Mapper,2,MINION,ASTROMANCERS,COMMON,2,3,,DEPLOY,"DEPLOY: SCRY (3). If the top card is a spell, draw it.",Maps stars. Finds spells. Refuses to ask for directions even when the galaxy is CLEARLY that way.,true,CORE,NO,
ast_m5,Celestial Scribe,2,MINION,ASTROMANCERS,COMMON,1,4,,,"Whenever you draw a card outside your normal draw, gain +1/+1.",Takes notes. Gets HUGE from notes. She\,true,CORE,NO,
ast_s3,Star Chart,2,SPELL,ASTROMANCERS,COMMON,,,,,Draw 2 cards.,"Two cards. No strings. No tricks. Just pure, uncut VALUE injected directly into your hand.",true,CORE,NO,
ast_m6,Nebula Sprite,2,MINION,ASTROMANCERS,COMMON,2,2,ELEMENTAL,DEPLOY,DEPLOY: SCRY (2). Draw a card if you put a minion on top.,Finds your friends. Puts them on top. An adorable little cosmic stalker.,true,CORE,NO,
ast_s4,Meteor Shower,2,SPELL,ASTROMANCERS,COMMON,,,,,Deal 1 damage to 3 random enemies. SCRY (1).,Three rocks. Three problems. One peek at what\,true,CORE,NO,
ast_m7,Astral Navigator,3,MINION,ASTROMANCERS,COMMON,3,3,,SCRY,SCRY (3).,Knows exactly what\,true,CORE,NO,
ast_m8,Prophecy Keeper,3,MINION,ASTROMANCERS,COMMON,2,4,,,"Whenever you SCRY, draw the top card if it costs 3 or less.",Predicts cheap cards. Draws cheap cards. She\,true,CORE,NO,
ast_s5,Supernova Shard,3,SPELL,ASTROMANCERS,COMMON,,,,,"Deal 3 damage. SCRY (2). If the top card is a spell, deal 3 more damage.",Peek. Boom. Maybe double boom. The suspense is half the fun. The damage is the other half.,true,CORE,NO,
ast_s6,Astral Archive,3,SPELL,ASTROMANCERS,COMMON,,,,,Draw 3 cards. Put 1 card from your hand on top of your deck.,Take three. Return one. The galaxy\,true,CORE,NO,
ast_s7,Cosmic Resonance,3,SPELL,ASTROMANCERS,COMMON,,,,,SCRY (4). Draw 2 cards.,Arrange FOUR. Draw TWO. Your deck just became a loaded weapon with a hair trigger.,true,CORE,NO,
ast_m9,Starfall Sentinel,3,MINION,ASTROMANCERS,COMMON,3,2,,SWIFT; SCRY,SWIFT. SCRY (1).,Hits first. Peeks second. Leaves third. A cosmic hit-and-run artist.,true,CORE,NO,
ast_m10,Fate Weaver,4,MINION,ASTROMANCERS,COMMON,3,5,,DEPLOY,DEPLOY: SCRY (3). Draw the top card. It costs (2) less this turn.,Sees your best card. Yoinks it. Slaps a discount sticker on it. Absolute legend.,true,CORE,NO,
ast_m11,Celestial Observer,4,MINION,ASTROMANCERS,COMMON,4,3,,,"Whenever you draw a card, deal 1 damage to a random enemy.",Draws hurt. Being watched by this thing hurts MORE. Every card is a tiny psychic bullet.,true,CORE,NO,
ast_s8,Star Storm,4,SPELL,ASTROMANCERS,COMMON,,,,,Deal 4 damage. SCRY (3).,Four damage NOW. Three perfectly arranged cards for LATER. The present AND future hate your opponent.,true,CORE,NO,
ast_s9,Divination,4,SPELL,ASTROMANCERS,COMMON,,,,,Look at the top 5 cards of your deck. Draw 2 of them. Put the rest back in any order.,Choose your destiny. From five options. Like a cosmic buffet but everything\,true,CORE,NO,
ast_m12,Astral Titan,5,MINION,ASTROMANCERS,COMMON,5,5,,SCRY; DEPLOY,SCRY (3). DEPLOY: Draw the top 2 cards of your deck.,Arranges three. Draws two. Asks for nothing. The math checks out gloriously.,true,CORE,NO,
ast_s10,Cosmic Bombardment,5,SPELL,ASTROMANCERS,COMMON,,,,,Deal 2 damage to all enemies. Draw a card for each enemy minion damaged.,Hurts them. Rewards you. Somehow this is fair because the stars said so.,true,CORE,NO,
ast_m13,Void Telescope,5,MINION,ASTROMANCERS,COMMON,3,4,,DEPLOY,DEPLOY: Look at your opponent\,Sees THEIR cards. Arranges YOURS. That\,true,CORE,NO,
ast_s11,Knowledge is Power,5,SPELL,ASTROMANCERS,COMMON,,,,,Draw cards until you have 8 in hand.,Hand empty? Full refill. Hand almost full? Still draws one. Never disappointed. Never empty.,true,CORE,NO,
ast_m14,Galaxy Drifter,6,MINION,ASTROMANCERS,COMMON,6,6,,DEPLOY,DEPLOY: Draw 3 cards. SCRY (3).,Six stats. Six cards touched. Six reasons your opponent just sighed out loud.,true,CORE,NO,
ast_s12,Starfire,6,SPELL,ASTROMANCERS,COMMON,,,,,Deal damage equal to the number of cards in your hand.,"Full hand? Full damage. Draw more, hit harder. The nerds were right all along.",true,CORE,NO,
ast_m15,Celestial Arbiter,7,MINION,ASTROMANCERS,COMMON,7,7,,DEPLOY,DEPLOY: Draw 2 cards. Your cards cost (1) less until end of turn.,Draws AND discounts. The cosmic equivalent of a Black Friday doorbuster.,true,CORE,NO,
ast_s13,Cosmic Alignment,7,SPELL,ASTROMANCERS,COMMON,,,,,SCRY (10). Draw 3 cards. They cost (3) less.,See the ENTIRE future. Cherry-pick the best timeline. Discount it. This is why people fear astronomers.,true,CORE,NO,
ast_m16,Astral Familiar,2,MINION,ASTROMANCERS,COMMON,1,2,,,"Whenever you SCRY, gain +1/+1.",Gets bigger every time you peek at destiny. Curiosity didn\,true,CORE,NO,
ast_st1,Observatory,3,STRUCTURE,ASTROMANCERS,COMMON,,,,,Start of Turn: SCRY (2).,Free future-peeking. Every. Single. Turn. It\,true,CORE,NO,
ast_s14,Fated Draw,2,SPELL,ASTROMANCERS,RARE,,,,,SCRY (5). Draw the top card. If it\,Arrange five. Draw one. If you hit a Legendary? It\,true,CORE,NO,
ast_m17,Oracle of Celestara,4,MINION,ASTROMANCERS,RARE,3,5,,,"Whenever you SCRY, draw a card.",Every peek at the future comes with a present. Literally. She wraps them and everything.,true,CORE,NO,
ast_m18,Cosmic Librarian,3,MINION,ASTROMANCERS,RARE,2,4,,,Your card draw effects draw 1 additional card.,Overdue fees: zero. Bonus cards: unlimited. She\,true,CORE,NO,
ast_st2,Stellar Nexus,4,STRUCTURE,ASTROMANCERS,RARE,,,,,"Whenever you draw a card, SCRY (1). Cards drawn by SCRY effects cost (1) less.",Draw triggers SCRY. SCRY triggers draw. It\,true,CORE,NO,
ast_s15,Constellation Strike,5,SPELL,ASTROMANCERS,RARE,,,,,Deal 1 damage to a random enemy for each card you\,Drew seven cards? That\,true,CORE,NO,
ast_s16,Mind Palace,5,SPELL,ASTROMANCERS,RARE,,,,,Draw 4 cards. Put 2 back on top of your deck in any order.,Take four. Return two. Your brain is a warehouse and it just got a new shipment.,true,CORE,NO,
ast_m19,Galactic Sage,5,MINION,ASTROMANCERS,RARE,4,4,,DEPLOY,DEPLOY: SCRY (5). You may play the top card of your deck for free.,Peeks at five. Plays one. Doesn\,true,CORE,NO,
ast_m20,Fatespinner,3,MINION,ASTROMANCERS,RARE,2,3,,,"Whenever you draw a card, add a random Astromancer spell to your hand. It costs (1).",Draws cards. Makes spells. Spells draw cards. She hasn\,true,CORE,NO,
ast_s17,Cosmic Overflow,6,SPELL,ASTROMANCERS,RARE,,,,,"Draw 5 cards. For each card drawn that exceeds your hand limit, deal 3 damage to the enemy Hero.",Hand overstuffed? The excess becomes PAIN. Your opponent\,true,CORE,NO,
ast_s18,Dimensional Echo,4,SPELL,ASTROMANCERS,RARE,,,,,The next card you draw this turn is copied 3 times.,Draw one. Get four. It\,true,CORE,NO,
ast_m21,Star Architect,6,MINION,ASTROMANCERS,RARE,5,5,,DEPLOY,DEPLOY: Rearrange the top 8 cards of your deck. Draw 2.,Doesn\,true,CORE,NO,
ast_s19,Nebula Collapse,5,SPELL,ASTROMANCERS,RARE,,,,,Destroy an enemy minion. Draw cards equal to its Attack. (Max 5.),Kill it. Study the corpse. Draw EVERYTHING it knew. Morbid? Yes. Effective? Extremely.,true,CORE,NO,
ast_m22,Stellar Beacon,4,MINION,ASTROMANCERS,RARE,3,4,,BARRIER; DEPLOY,BARRIER. DEPLOY: SCRY (4). Put any number of them on the bottom of your deck.,Finds the good stuff. Buries the garbage. Marie Kondo of the cosmos.,true,CORE,NO,
ast_s20,Cosmic Cascade,6,SPELL,ASTROMANCERS,RARE,,,,,"Draw a card. If it costs (3) or less, cast this again. (Repeatable.)",Draw. Cheap? Draw AGAIN. Keeps going until you hit something expensive. It\,true,CORE,NO,
ast_st3,Astral Sanctum,5,STRUCTURE,ASTROMANCERS,RARE,,,,,Your SCRY effects look at 2 additional cards. Cards you draw cost (1) less.,See further. Pay less. The Astromancer dream. Also there\,true,CORE,NO,
ast_m23,Starchild Prodigy,2,MINION,ASTROMANCERS,RARE,1,3,,,"After you draw 3 cards in a single turn, gain +3/+3 and BARRIER.",She\,true,CORE,NO,
ast_s21,Graviton Surge,3,SPELL,ASTROMANCERS,RARE,,,,,Draw 2 cards. They cost (2) less this turn.,Two cards. Two discounts. The universe is running a promotion and you\,true,CORE,NO,
ast_m24,Comet Rider,4,MINION,ASTROMANCERS,RARE,4,3,,SWIFT; DEPLOY,"SWIFT. DEPLOY: SCRY (3). If the top card costs (2) or less, draw it.",Rides comets. Surfs stardust. Draws cheap cards at terminal velocity. Radical.,true,CORE,NO,
ast_m25,Rift Scavenger,3,MINION,ASTROMANCERS,RARE,3,2,,DEPLOY,DEPLOY: Draw a card from the BOTTOM of your deck. SCRY (2).,Everyone looks at the top. She digs from the bottom. Contrarian? Genius? Both.,true,CORE,NO,
ast_s22,Thought Supernova,7,SPELL,ASTROMANCERS,RARE,,,,,Draw 3 cards. Deal 2 damage to all enemies for each spell in your hand.,Draws fuel. Counts spells. Unleashes apocalyptic scholarship.,true,CORE,NO,
ast_s23,DÉJÀ VU,2,SPELL,ASTROMANCERS,EPIC,,,,,Draw a card. Cast a copy of the last spell you played this turn.,Didn\,true,CORE,NO,
ast_m26,PARADOX SCHOLAR,3,MINION,ASTROMANCERS,EPIC,2,5,,,"Whenever you SCRY, set the top card\",She breaks every rule of cosmic economics simultaneously. The Dean of Celestara has given up writing her citations.,true,CORE,NO,
ast_st4,SINGULARITY ENGINE,5,STRUCTURE,ASTROMANCERS,EPIC,,,,,"Whenever you draw a card, deal 2 damage to a random enemy. At the end of your turn, draw a card for each enemy that died this turn.",Draws kill. Kills draw. It\,true,CORE,NO,
ast_s24,CHRONO-STACKED DECK,4,SPELL,ASTROMANCERS,EPIC,,,,,Look at the top 8 cards of your deck. Play up to 2 of them for free. Shuffle the rest back.,Eight possibilities. Two freebies. The other six go back to the future where they\,true,CORE,NO,
ast_m27,MINDSTORM AVATAR,6,MINION,ASTROMANCERS,EPIC,0,8,ELEMENTAL,GUARDIAN,"GUARDIAN. Attack equals the number of cards in your hand. Whenever you draw a card, gain +0/+1.",Hits as hard as you\,true,CORE,NO,
ast_m28,CELESTIAL ORACLE,8,MINION,ASTROMANCERS,LEGENDARY,6,8,,DEPLOY; SCRY,"STARFORGE -- After drawing 30 cards: Transform into ORACLE SUPREME -- 10/12. Whenever you draw a card, play the top card of your deck for free regardless of cost. SCRY (3) at start of each turn.",Sees everything. Plays everything. Pays for NOTHING. She filed taxes once. The IRS imploded.,true,CORE,YES,
ast_m29,ORACLE STELLARA,9,MINION,ASTROMANCERS,LEGENDARY,7,7,,DEPLOY,"STARFORGE -- After SCRYing 40 total cards: Transform into STELLARA, ALL-SEEING -- 10/10. Draw 3 cards per turn. Whenever you draw a card, play it immediately if it costs (3) or less. SCRY (10) at start of turn. Your hand has no maximum size.",She doesn\,true,CORE,YES,
ast_m30,THE BOOK OF INFINITY,8,MINION,ASTROMANCERS,LEGENDARY,0,12,,,STARFORGED -- enhanced. Gains enhanced abilities and BARRIER.,It contains every card ever printed. It\,true,CORE,YES,
ast_m31,ASTRAL ANARCHIST,4,MINION,ASTROMANCERS,LEGENDARY,3,3,,DEPLOY,STARFORGED -- 7/7. Gains enhanced abilities and BARRIER.,Shares knowledge freely. Shares COSTS less freely. The galaxy\,true,CORE,YES,
ast_s25,THE GRAND DESIGN,10,SPELL,ASTROMANCERS,LEGENDARY,,,,,STARFORGED -- enhanced. Gains enhanced abilities and BARRIER.,See everything. Take everything. Pay nothing. This is what happens when an astronomer reaches enlightenment.,true,CORE,YES,
chr_m1,Temporal Conscript,1,MINION,CHRONOBOUND,COMMON,1,2,,ECHO,ECHO. (Can be played twice in one turn.),Drafted into the timeline. Showed up twice to orientation. Both of him passed.,true,CORE,NO,
chr_s1,Chrono Spark,1,SPELL,CHRONOBOUND,COMMON,,,,ECHO,ECHO. Deal 1 damage.,One zap. Then another zap. The Chronobound don\,true,CORE,NO,
chr_m2,Recall Agent,1,MINION,CHRONOBOUND,COMMON,2,1,,DEPLOY,DEPLOY: Return a friendly minion to your hand. It costs (1) less.,His job is pulling people out of the present. Don\,true,CORE,NO,
chr_s2,Temporal Splice,1,SPELL,CHRONOBOUND,COMMON,,,,,Return a friendly minion to your hand. It costs (2) less. Draw a card.,Snip the timeline. Get a discount AND a card. Temporal surgery at its finest.,true,CORE,NO,
chr_m3,Paradox Sparrow,1,MINION,CHRONOBOUND,COMMON,1,1,MECH,ECHO,ECHO. SWIFT.,Tick. Peck. Tock. Peck. Two birds. One timeline. Zero patience.,true,CORE,NO,
chr_m4,Stutter Step,2,MINION,CHRONOBOUND,COMMON,2,2,,ECHO,ECHO.,Exists once. Then exists AGAIN. Same moment. Same 2/2. Twice the awkward eye contact.,true,CORE,NO,
chr_s3,Rewind Protocol,2,SPELL,CHRONOBOUND,COMMON,,,,,Return a friendly minion that died this turn to play with 1 Health.,Death? In THIS timeline? DENIED. File an appeal with the Chronobound. They\,true,CORE,NO,
chr_s4,Stasis Lock,2,SPELL,CHRONOBOUND,COMMON,0,,,,Freeze an enemy minion for 2 turns. (It can\,Trapped in a single second. For two turns. The cruelest kind of time-out.,true,CORE,NO,
chr_m5,Rift Walker,2,MINION,CHRONOBOUND,COMMON,2,3,,DEPLOY,DEPLOY: All cards in your hand cost (1) less this turn.,Steps between seconds. Saves you a crystal. Temporal couponing is a real profession here.,true,CORE,NO,
chr_s5,Accelerate,2,SPELL,CHRONOBOUND,COMMON,,,,,Give a friendly minion +2 Attack and remove summoning sickness.,Skip the warm-up. Skip the stretch. Skip STRAIGHT to violence. The Chronobound fast-pass.,true,CORE,NO,
chr_m6,Flux Elemental,3,MINION,CHRONOBOUND,COMMON,3,3,ELEMENTAL,ECHO,ECHO.,Made of unstable time. Exists in two places at once. Gets confused at parties. Punches TWICE at fights.,true,CORE,NO,
chr_m7,Sentinel of Seconds,3,MINION,CHRONOBOUND,COMMON,2,4,,GUARDIAN; ECHO,GUARDIAN. ECHO.,One wall. Then ANOTHER wall. Same wall. Twice. Your opponent just hit a temporal brick sandwich.,true,CORE,NO,
chr_s6,Chrono Slash,3,SPELL,CHRONOBOUND,COMMON,,,,ECHO,ECHO. Deal 2 damage.,Cut once. Cut again. Same blade. Same second. Four damage total and the timeline didn\,true,CORE,NO,
chr_s7,Full Rewind,3,SPELL,CHRONOBOUND,COMMON,,,,,Return ALL friendly minions to your hand. They cost (1) less. Draw a card.,Undo EVERYTHING. Pick up the whole board. Start over. But cheaper. And with one more card. Chef\,true,CORE,NO,
chr_s8,Entropy Curse,3,SPELL,CHRONOBOUND,COMMON,,,,,Give an enemy minion -2/-2.,A thousand years of aging in one second. Teeth fall out. Armor rusts. Not the fun kind of time travel.,true,CORE,NO,
chr_m8,Moment Thief,3,MINION,CHRONOBOUND,COMMON,3,2,,SWIFT; DEPLOY,SWIFT. DEPLOY: Freeze a random enemy minion.,Steals your moment. Freezes your next one. She\,true,CORE,NO,
chr_m9,Echo Enforcer,4,MINION,CHRONOBOUND,COMMON,4,4,,ECHO,ECHO.,A 4/4. Then ANOTHER 4/4. Same turn. Your opponent does the math. Opponent doesn\,true,CORE,NO,
chr_s9,Rift Bolt,4,SPELL,CHRONOBOUND,COMMON,,,,ECHO,ECHO. Deal 3 damage.,Three damage. Then three more. Six total. The Chronobound consider this \,true,CORE,NO,
chr_s10,Déjà Vu,4,SPELL,CHRONOBOUND,COMMON,,,,,Copy the last card you played this turn. It costs (0).,Didn\,true,CORE,NO,
chr_m10,Resonance Adept,4,MINION,CHRONOBOUND,COMMON,3,4,,,"Whenever you play an ECHO card, gain +2/+1.",Every echo makes her stronger. Double echoes make her TERRIFYING. Triple echoes? She doesn\,true,CORE,NO,
chr_m11,Epoch Juggernaut,5,MINION,CHRONOBOUND,COMMON,5,5,,ECHO,ECHO.,Five mana. 5/5. Then ANOTHER 5/5. The Chronobound call this \,true,CORE,NO,
chr_s11,Frozen Eternity,5,SPELL,CHRONOBOUND,COMMON,0,,,,Freeze all enemy minions. Draw a card for each frozen minion.,Their entire board: frozen solid. Your hand: STUFFED. Time stops for them. Cards flow for you.,true,CORE,NO,
chr_m12,Loop Operative,5,MINION,CHRONOBOUND,COMMON,4,3,,DEPLOY,DEPLOY: Return a friendly minion to your hand. Replay it immediately for (0).,Picks it up. Puts it back. DEPLOY fires again. She\,true,CORE,NO,
chr_s12,Temporal Exile,5,SPELL,CHRONOBOUND,COMMON,,,,,Return all enemy minions to your opponent\,Go back. Pay more. The Chronobound gentrified your board and there\,true,CORE,NO,
chr_m13,Epoch Striker,6,MINION,CHRONOBOUND,COMMON,6,6,,ECHO; SWIFT,ECHO. SWIFT.,Two 6/6s with SWIFT. Turn 10 is now Turn Over for your opponent. Two fists. Same second.,true,CORE,NO,
chr_s13,Temporal Collapse,6,SPELL,CHRONOBOUND,COMMON,,,,,Return ALL minions to their owners\,Full board wipe via time travel. YOU rebuild first because YOU have the discount. Time is biased.,true,CORE,NO,
chr_m14,Chronolith Titan,7,MINION,CHRONOBOUND,COMMON,7,7,,ECHO; DEPLOY,ECHO. DEPLOY: Your ECHO cards cost (2) less this turn.,Plays itself. Discounts everything. Plays THOSE. It\,true,CORE,NO,
chr_s14,Eternity Storm,7,SPELL,CHRONOBOUND,COMMON,,,,,Deal 5 damage to all enemies. Cast this again at the start of your next turn.,Hits now. Hits AGAIN next turn. You can\,true,CORE,NO,
chr_st1,Hourglass Spire,2,STRUCTURE,CHRONOBOUND,COMMON,,,,,Your ECHO cards cost (1) less.,Tick tock. Tick DISCOUNT. Every grain of sand is a crystal you didn\,true,CORE,NO,
chr_m15,Residual Echo,2,MINION,CHRONOBOUND,COMMON,2,1,,ECHO; LAST_WORDS,ECHO. LAST WORDS: Add a copy of this to your hand.,Dies. Returns to hand. Play it again. Dies. Returns. It\,true,CORE,NO,
chr_s15,Temporal Cascade,3,SPELL,CHRONOBOUND,RARE,,,,,Copy the last spell you cast this turn. It costs (0) and has ECHO.,Your best spell. Free. Twice. Three times counting the original. The timeline is sweating.,true,CORE,NO,
chr_m16,Chronomancer Adept,4,MINION,CHRONOBOUND,RARE,3,5,,,Your ECHO cards can be played 3 times instead of 2.,Once is polite. Twice is Chronobound. THRICE is what happens when temporal regulations are \,true,CORE,NO,
chr_s16,Rift Ambush,3,SPELL,CHRONOBOUND,RARE,,,,ECHO,ECHO. Summon a 3/2 Rift Assassin with SWIFT.,Assassin from the future. Then ANOTHER from slightly MORE future. They carpooled through a wormhole.,true,CORE,NO,
chr_st2,Clockwork Citadel,4,STRUCTURE,CHRONOBOUND,RARE,,,,,End of Turn: Return a random friendly minion to your hand. It costs (2) less and gains +1/+1.,Goes home. Gets cheaper. Gets bigger. Comes back. The Citadel\,true,CORE,NO,
chr_m17,Paradox Engine,5,MINION,CHRONOBOUND,RARE,3,5,MECH,,"Whenever you play an ECHO card, summon a 2/2 Temporal Clone.",Echoes make clones. Clones cause problems. Problems need more echoes. The Engine sees only upside.,true,CORE,NO,
chr_s17,Reverse Polarity,4,SPELL,CHRONOBOUND,RARE,,,,,Swap the Attack and Health of all minions on the board.,Your 1/8 Guardian? Now an 8/1 monster. Their 8/1 monster? A 1/8 embarrassment. Time is CREATIVE.,true,CORE,NO,
chr_m18,Rift Duelist,5,MINION,CHRONOBOUND,RARE,5,4,,ECHO; SWIFT,ECHO. SWIFT.,Two 5/4s with SWIFT. One turn. She fights her own echo for warmups. The mirror match is her cardio.,true,CORE,NO,
chr_s18,Temporal Reset,4,SPELL,CHRONOBOUND,RARE,,,,,Replay all DEPLOY effects of friendly minions on the board.,Every DEPLOY fires again. Every entrance replays. It\,true,CORE,NO,
chr_s19,Entropic Feedback,5,SPELL,CHRONOBOUND,RARE,,,,,Deal damage to an enemy minion equal to its cost. ECHO.,"Expensive minion? EXPENSIVE death. The more you cost, the harder time hits. TWICE.",true,CORE,NO,
chr_m19,Infinity Loop,3,MINION,CHRONOBOUND,RARE,2,3,,ECHO; DEPLOY,ECHO. DEPLOY: The next ECHO card you play this turn costs (0).,Echoes chain into free echoes. Free echoes chain into MORE. She\,true,CORE,NO,
chr_s20,Epoch Recall,6,SPELL,CHRONOBOUND,RARE,,,,,Return all friendly minions that died this game to your hand. They cost (2) less.,Every fallen agent. Back in hand. Cheaper. Angrier. Death is a timeout in Chronobound territory.,true,CORE,NO,
chr_s21,Borrowed Time,5,SPELL,CHRONOBOUND,RARE,,,,,Take an extra turn after this one. You only draw 1 card and start with 3 less Crystals.,EXTRA TURN. Budget edition. Not a FULL turn but it\,true,CORE,NO,
chr_m20,Recursive Sentinel,4,MINION,CHRONOBOUND,RARE,3,4,,GUARDIAN; LAST_WORDS,GUARDIAN. LAST WORDS: Return this to your hand. It costs (1) less. (Can trigger 3 times.),Kill it. Comes back cheaper. Kill again. Cheaper. AGAIN. Free wall. The Chronobound warranty plan.,true,CORE,NO,
chr_s22,Temporal Overload,6,SPELL,CHRONOBOUND,RARE,,,,,All cards you play this turn have ECHO.,EVERYTHING echoes. Your minions. Your spells. Your STRUCTURES. Everything gets an involuntary encore.,true,CORE,NO,
chr_st3,Chrono Vault,5,STRUCTURE,CHRONOBOUND,RARE,,,,,"Whenever a card returns to your hand, it costs (1) less and gains +1/+1.",Bounce house of infinite value. Everything that comes back comes back BETTER. The Chronobound\,true,CORE,NO,
chr_s23,Afterimage,2,SPELL,CHRONOBOUND,RARE,,,,ECHO,ECHO. Summon a 2/2 copy of a random friendly minion.,A ghost of what was. Then another ghost. Your board is haunted by its own temporal aftershocks.,true,CORE,NO,
chr_m21,Temporal Anchor,3,MINION,CHRONOBOUND,RARE,2,4,,,"At the end of your turn, add a copy of the last ECHO card you played to your hand.",Locks onto your best echo. Copies it. Every turn. An anchor that generates infinite ammunition.,true,CORE,NO,
chr_s24,Reverberation,4,SPELL,CHRONOBOUND,RARE,,,,,The next minion you play this turn triggers its DEPLOY effect three times.,One entrance. Three standing ovations. The Chronobound invented the encore as a military strategy.,true,CORE,NO,
chr_m22,Phase Dancer,3,MINION,CHRONOBOUND,RARE,3,2,,SWIFT; DEPLOY,SWIFT. DEPLOY: Return this to your hand at end of turn. It costs (1) less.,Hits. Vanishes. Returns cheaper. Hits HARDER. She\,true,CORE,NO,
chr_s25,Temporal Fracture,7,SPELL,CHRONOBOUND,RARE,,,,,"Deal 3 damage to all enemies. For each enemy killed, gain an additional ECHO of this spell.",Every kill cascades into another cast. A board of small minions is a board of temporal fuel.,true,CORE,NO,
chr_m23,YESTERDAY\,2,MINION,CHRONOBOUND,EPIC,3,2,,ECHO; DEPLOY,ECHO. DEPLOY: Add a copy of the last friendly minion that died to your hand. It costs (1) less.,"Remembers the dead. Brings them back. TWICE, because ECHO. Your graveyard just became a recruitment office with a revolving temporal door.",true,CORE,NO,
chr_s26,SHATTERED TIMELINE,3,SPELL,CHRONOBOUND,EPIC,,,,,Return ALL minions on both sides to their owners\,Full timeline reset. Both boards gone. But YOUR rebuild is subsidized and THEIRS is taxed. Time plays favorites and its favorite is whoever cast this.,true,CORE,NO,
chr_s27,PARADOX BOMB,5,SPELL,CHRONOBOUND,EPIC,,,,ECHO,ECHO. Deal 4 damage to all enemy minions.,Four damage to everything. Then four MORE to everything. Eight total to the entire enemy board. The Chronobound call this \,true,CORE,NO,
chr_st4,ECHO CHAMBER,4,STRUCTURE,CHRONOBOUND,EPIC,,,,,"Whenever you play an ECHO card, play it a THIRD time for free. Your ECHO cards cost (1) less.",Once. Twice. Thrice. Every echo gets a bonus encore. The Chamber doesn\,true,CORE,NO,
chr_m24,CHRONO-COLOSSUS,7,MINION,CHRONOBOUND,EPIC,5,10,,ECHO; GUARDIAN; DEPLOY,ECHO. GUARDIAN. DEPLOY: Freeze all enemy minions.,A 5/10 Guardian that freezes everything. Then ANOTHER 5/10 Guardian that freezes everything AGAIN. Twenty health of wall. Zero enemy attacks. Time just stopped and it brought a bodyguard.,true,CORE,NO,
chr_m25,TIMESHAPER CHRONUS,9,MINION,CHRONOBOUND,LEGENDARY,6,8,,DEPLOY,"STARFORGE -- After playing 30 ECHO cards: Transform into CHRONUS, LORD OF TIME -- 10/10. ALL cards have ECHO and cost (2) less. ECHO replays cost (0). At start of turn, gain 2 extra Crystals. Take an extra turn every 3rd turn.",He didn\,true,CORE,YES,
chr_m26,THE ETERNITY ENGINE,8,MINION,CHRONOBOUND,LEGENDARY,0,15,MECH,,STARFORGED -- enhanced. Gains enhanced abilities and BARRIER.,Everything leaves. Everything returns. Everything is STRONGER. It\,true,CORE,YES,
chr_m27,PARADOX QUEEN VEXARA,6,MINION,CHRONOBOUND,LEGENDARY,4,6,,DEPLOY,STARFORGED -- 8/10. Gains enhanced abilities and BARRIER.,She duplicated her own crown. Then duplicated the duplication. Forty-seven thrones and she sits in ALL of them simultaneously.,true,CORE,YES,
chr_m28,AGENT ZERO,4,MINION,CHRONOBOUND,LEGENDARY,4,3,,SWIFT; ECHO; DEPLOY,STARFORGED -- 8/7. Gains enhanced abilities and BARRIER.,Arrives fast. Arrives TWICE. Makes everything free. The Chronobound\,true,CORE,YES,
chr_s28,THE FINAL SECOND,10,SPELL,CHRONOBOUND,LEGENDARY,,,,,STARFORGED -- enhanced. Gains enhanced abilities and BARRIER.,Two. Extra. Turns. Everything discounted. Everything echoes. The game was already over three seconds ago. This is the victory lap. Taken twice.,true,CORE,YES,
cog_sd_m1,Sparktinkerer,1,MINION,COGSMITHS,COMMON,1,2,MECH,LAST_WORDS,LAST WORDS: Deal 1 damage to a random enemy.,Built it in a cave! With a box of asteroid scraps!,true,CORE,NO,
cog_sd_m2,Blast Beetle,1,MINION,COGSMITHS,COMMON,2,1,MECH,LAST_WORDS,LAST WORDS: Deal 1 damage to a random enemy.,It\,true,CORE,NO,
cog_sd_m3,Fuse Lighter,1,MINION,COGSMITHS,COMMON,1,1,,DEPLOY; LAST_WORDS,DEPLOY: Give a friendly Mech LAST WORDS: Deal 2 damage to a random enemy.,She doesn\,true,CORE,NO,
cog_sd_s1,Scrap Grenade,1,SPELL,COGSMITHS,COMMON,,,,,Deal 1 damage to all enemy minions.,Gnomish recycling: turn yesterday\,true,CORE,NO,
cog_sd_m4,Boom Cog,2,MINION,COGSMITHS,COMMON,2,2,MECH,LAST_WORDS,LAST WORDS: Deal 2 damage to a random enemy.,Tick. Tick. Tick. Tick. SURPRISE! ...Why is nobody ever surprised?,true,CORE,NO,
cog_sd_s2,Volatile Payload,2,SPELL,COGSMITHS,COMMON,,,,LAST_WORDS,Give a friendly minion LAST WORDS: Deal 3 damage to a random enemy.,"Careful, it\",true,CORE,NO,
cog_sd_s3,Assembly Line,2,SPELL,COGSMITHS,COMMON,,,,LAST_WORDS,Summon two 1/1 Spark-Bots with LAST WORDS: Deal 1 damage to a random enemy.,Two for the price of two. Both explode free of charge! Volume discounts on volume explosions!,true,CORE,NO,
cog_sd_m5,Galactic Sapper,3,MINION,COGSMITHS,COMMON,3,3,MECH,SWIFT; LAST_WORDS,LAST WORDS: Deal 2 damage to two random enemies.,"Plants demolition charges on planets. Yes, WHOLE planets. The paperwork is surprisingly short.",true,CORE,NO,
cog_sd_m6,Cogwork Detonator,3,MINION,COGSMITHS,COMMON,2,4,MECH,LAST_WORDS,LAST WORDS: Deal damage equal to this minion\,Gnomish engineering rule #1: the bigger they build \,true,CORE,NO,
cog_sd_s4,Containment Breach,3,SPELL,COGSMITHS,COMMON,,,,,Destroy a friendly Mech. Trigger its LAST WORDS twice.,Safety Protocol 7: There IS no Safety Protocol 7. That\,true,CORE,NO,
cog_sd_m7,Rocket Rat,3,MINION,COGSMITHS,COMMON,4,2,MECH,SWIFT; LAST_WORDS,SWIFT. LAST WORDS: Deal 1 damage to a random enemy.,It\,true,CORE,NO,
cog_sd_m8,Star-Smelter,4,MINION,COGSMITHS,COMMON,4,5,MECH,LAST_WORDS,LAST WORDS: Deal 3 damage split randomly among all enemies.,Forged IN a star. Explodes LIKE a star. The gnomes consider this peak engineering.,true,CORE,NO,
cog_sd_m9,Turret Deployer,4,MINION,COGSMITHS,COMMON,3,4,,DEPLOY; LAST_WORDS,DEPLOY: Summon a 2/2 Boom Turret with LAST WORDS: Deal 2 damage to a random enemy.,Some assembly required. Disassembly is automatic. Usually involuntary.,true,CORE,NO,
cog_sd_s5,Power Core,4,SPELL,COGSMITHS,COMMON,,,,,"Draw 2 cards. If you control a Mech, draw 3 instead.",It\,true,CORE,NO,
cog_sd_s6,Overcharge,3,SPELL,COGSMITHS,COMMON,,,,SWIFT,"Give a Mech +3 Attack and SWIFT this turn. When it dies this turn, trigger its LAST WORDS twice.",MAXIMUM POWER! MAXIMUM LIABILITY! MAXIMUM FUN! ...Minimum survivors.,true,CORE,NO,
cog_sd_m10,Chrome Charger,5,MINION,COGSMITHS,COMMON,6,5,MECH,BLITZ; LAST_WORDS,BLITZ. LAST WORDS: Deal 2 damage to a random enemy.,Zero to lightspeed in zero seconds. Stopping takes... significantly longer.,true,CORE,NO,
cog_sd_m11,Cranky Mechanic,5,MINION,COGSMITHS,COMMON,4,5,,DEPLOY; LAST_WORDS,DEPLOY: Give all friendly Mechs LAST WORDS: Deal 1 damage to a random enemy.,Touch my wrench and I\,true,CORE,NO,
cog_sd_m12,Detonation Specialist,3,MINION,COGSMITHS,RARE,2,4,,,Your LAST WORDS effects deal 2 more damage.,PhD in Applied Explosions from the Galactic Institute of Kaboom. Minor in Running Away.,true,CORE,NO,
cog_sd_s7,Aftershock Plating,3,SPELL,COGSMITHS,RARE,,,,,Give a friendly Mech +2/+2. Its LAST WORDS trigger an additional time.,Built-in redundancy. The explosion has a backup explosion.,true,CORE,NO,
cog_sd_m13,NITROGLYCOGNOME,2,MINION,COGSMITHS,EPIC,1,1,,LAST_WORDS,LAST WORDS: Deal 5 damage to a random enemy and 2 damage to your hero.,He\,true,CORE,NO,
cog_sd_st1,ASTRAL ANVIL,4,STRUCTURE,COGSMITHS,EPIC,,,,,Your Mechs have +1/+1 and their LAST WORDS deal double damage.,Forged from a dying star by a gnome who asked \,true,CORE,NO,
cog_sd_st2,CLUSTER BOMB ARRAY,3,STRUCTURE,COGSMITHS,EPIC,,,,,"Whenever a friendly Mech dies, deal 3 damage split randomly among all enemies.","For every action, there is an equal and opposite explosion. This is not Newton\",true,CORE,NO,
cog_m32,GNOMECHANIC PRIME,6,MINION,COGSMITHS,LEGENDARY,4,5,MECH,LAST_WORDS,STARFORGE -- After 6 friendly LAST WORDS trigger: Transform into GNOMECHANIC OMEGA -- 8/10. ALL friendly LAST WORDS trigger THREE times. LAST WORDS: Deal 10 damage to ALL enemies.,Chief Engineer. Chief Demolitionist. She doesn\,true,CORE,YES,
cog_m33,THE INFINITY COIL,8,MINION,COGSMITHS,LEGENDARY,0,8,MECH,LAST_WORDS,STARFORGED -- enhanced. Gains enhanced abilities and BARRIER.,Infinite bots. Infinite explosions. Infinite fun. The gnomish definition of \,true,CORE,YES,
cog_m34,CONSTRUCTOR SUPREME,9,MINION,COGSMITHS,LEGENDARY,7,7,,DEPLOY; LAST_WORDS,STARFORGED -- 11/11. Gains enhanced abilities and BARRIER.,She doesn\,true,CORE,YES,
cog_m35,ADMIRAL BOOMSWORTH III,5,MINION,COGSMITHS,LEGENDARY,3,4,,DEPLOY; LAST_WORDS,STARFORGED -- 7/8. Gains enhanced abilities and BARRIER.,His middle name is literally \,true,CORE,YES,
cog_m36,THE GRAND DETONATOR,10,MINION,COGSMITHS,LEGENDARY,8,8,MECH,BLITZ; LAST_WORDS,STARFORGED -- 12/12. Gains enhanced abilities and BARRIER.,The gnomes\,true,CORE,YES,
lum_sd_m1,Luminar Acolyte,1,MINION,LUMINAR,COMMON,1,3,,ILLUMINATE,ILLUMINATE: Gain +1 Attack.,Prays for strength. Gets it. Immediately. Luminar customer service is INSTANT. Zero wait time. Infinite light.,true,CORE,NO,
lum_sd_m2,Sunbeam Sprite,1,MINION,LUMINAR,COMMON,1,2,ELEMENTAL,ILLUMINATE,ILLUMINATE: Draw a card.,It\,true,CORE,NO,
lum_sd_m3,Glowing Moth,1,MINION,LUMINAR,COMMON,1,1,ELEMENTAL,BARRIER; ILLUMINATE,BARRIER. ILLUMINATE: Gain +2/+2.,Drawn to the light. IS the light. Heal once and it\,true,CORE,NO,
lum_sd_m4,Dawn Priest,2,MINION,LUMINAR,COMMON,2,3,,DEPLOY,DEPLOY: Restore 3 Health to your Hero.,Rise and shine! Three health restored. Every ILLUMINATE on your board triggers. She\,true,CORE,NO,
lum_sd_m5,Pilgrim of Light,2,MINION,LUMINAR,COMMON,1,4,,,"Whenever your Hero is healed, gain +1/+1.","Every heal makes him bigger. Permanently. Drop him Turn 2, heal three times, he\",true,CORE,NO,
lum_sd_s1,Sanctify,2,SPELL,LUMINAR,COMMON,,,,,Restore 3 Health to a minion. Give it +1/+1.,"Blessed AND buff. The Luminar workout plan: pray, heal, get jacked. Repeat until enormous.",true,CORE,NO,
lum_sd_s2,Blessed Arrow,2,SPELL,LUMINAR,COMMON,,,,,"Deal 2 damage. If your Hero is at full Health, deal 4 instead.",The Luminar reward for staying healthy: hitting TWICE as hard. Full health isn\,true,CORE,NO,
lum_sd_m6,Lightsworn Guardian,3,MINION,LUMINAR,COMMON,2,5,,GUARDIAN; ILLUMINATE,GUARDIAN. ILLUMINATE: Gain +1/+1.,Every heal pumps him. By Turn 6 he\,true,CORE,NO,
lum_sd_m7,Penitent Monk,3,MINION,LUMINAR,COMMON,3,4,,SWIFT; DRAIN,DRAIN. (Heals your Hero for damage dealt.),He punches you AND feels better about it. Three damage dealt. Three health restored. ILLUMINATE triggers. Violence IS self-care.,true,CORE,NO,
lum_sd_m8,Beacon of Hope,3,MINION,LUMINAR,COMMON,2,4,,,End of Turn: Restore 2 Health to your Hero. Trigger all friendly ILLUMINATE effects.,Always on. Never dims. GUARANTEED ILLUMINATE every single turn. The beacon doesn\,true,CORE,NO,
lum_sd_s3,Purifying Light,3,SPELL,LUMINAR,COMMON,,,,,Restore 4 Health to your Hero. Draw a card.,Cleanses the body. Enlightens the mind. Four health AND a card. Plus every ILLUMINATE on your board fires. Sunrise in a bottle.,true,CORE,NO,
lum_sd_m9,Daybreak Charger,4,MINION,LUMINAR,COMMON,4,3,,SWIFT; ILLUMINATE,SWIFT. ILLUMINATE: Gain +1 Health and DRAIN.,Charges at dawn. Noon. Dusk. Whenever. SWIFT lets it hit immediately. ILLUMINATE gives DRAIN. So hitting HEALS you. So the cycle NEVER stops.,true,CORE,NO,
lum_sd_s4,Solar Flare,4,SPELL,LUMINAR,COMMON,,,,,Deal 3 damage to all enemy minions. Restore 1 Health to your Hero.,"SPF 10,000 recommended. AoE AND a heal. The heal triggers ILLUMINATE. Burning enemies and buffing allies in ONE card.",true,CORE,NO,
lum_sd_s5,Blinding Burst,4,SPELL,LUMINAR,COMMON,,,,,Deal 2 damage to all enemies. Restore 2 Health to your Hero.,Flash photography is strictly mandatory. Two to everything they have. Two health back for you. All ILLUMINATE effects fire.,true,CORE,NO,
lum_sd_m10,Cathedral Guard,5,MINION,LUMINAR,COMMON,4,7,,GUARDIAN; DRAIN; BARRIER,GUARDIAN. DRAIN.,No entry. No exceptions. DRAIN means every attack heals you. Heals trigger ILLUMINATE. The guard NEVER stops generating value.,true,CORE,NO,
lum_sd_m11,Luminar Templar,5,MINION,LUMINAR,COMMON,5,5,,ILLUMINATE; GUARDIAN,ILLUMINATE: Gain GUARDIAN and +0/+3.,One heal: 5/8 GUARDIAN. Two heals: 5/11 GUARDIAN. The light is his armor AND his growth hormone. Luminar templars only get THICKER.,true,CORE,NO,
lum_sd_s6,Consecrate,5,SPELL,LUMINAR,COMMON,,,,,Restore 5 Health to your Hero. Give all friendly minions +1/+1.,Everything is blessed now. Five health back. Board-wide buff. Every ILLUMINATE fires. The Luminar don\,true,CORE,NO,
lum_sd_m12,Luminous Wisp,1,MINION,LUMINAR,COMMON,0,2,ELEMENTAL,,End of Turn: Restore 1 Health to your Hero.,Smol. Bright. Useful. Free heal every turn means free ILLUMINATE trigger every turn. The 0/2 that powers your entire engine.,true,CORE,NO,
lum_sd_st1,Hallowed Ground,3,STRUCTURE,LUMINAR,COMMON,,,,,Your healing effects restore 2 additional Health. ILLUMINATE effects trigger an additional time.,Even the ground is holy. Every heal is bigger. Every ILLUMINATE fires twice. The Luminar sanctified the FLOOR.,true,CORE,NO,
lum_sd_st2,Chalice of Renewal,4,STRUCTURE,LUMINAR,RARE,,,,,Start of Turn: Restore 3 Health to your Hero and trigger all friendly ILLUMINATE effects.,Sip. Heal. Trigger everything. Every turn. Automatically. The holy happy hour never ends. The Luminar\,true,CORE,NO,
lum_sd_m13,Wrathguard Templar,5,MINION,LUMINAR,RARE,4,5,,ILLUMINATE,ILLUMINATE: Deal 2 damage to a random enemy.,Every heal hurts someone. ILLUMINATE doesn\,true,CORE,NO,
lum_sd_s7,WRATH OF THE LUMINAR,3,SPELL,LUMINAR,EPIC,,,,,Deal 1 damage to all enemies for each time you\,Every heal you\,true,CORE,NO,
lum_sd_s8,SAINT\,4,SPELL,LUMINAR,EPIC,,,,,Destroy a friendly minion. Deal damage to all enemies equal to its Health. Restore that much Health to your Hero.,Kill your own 3/8. Eight damage to everything. Eight health restored. ILLUMINATE fires everywhere. One sacrifice. Total board wipe. Full heal. The holiest nuke the Luminar ever built. They built it on PURPOSE.,true,CORE,NO,
lum_sd_s9,DIVINE CONVERGENCE,5,SPELL,LUMINAR,EPIC,,,,,"Trigger ALL friendly ILLUMINATE effects three times. For the rest of this turn, whenever you heal, trigger all ILLUMINATE effects an additional time.",Triple ILLUMINATE across your entire board. Then every heal afterward adds ANOTHER full round. Four ILLUMINATE minions? TWELVE immediate triggers. Then every subsequent heal adds FOUR more. The board goes SUPERNOVA.,true,CORE,NO,
lum_m32,"SOLARIUS, THE UNDYING LIGHT",9,MINION,LUMINAR,LEGENDARY,6,10,,BARRIER; DRAIN,"STARFORGE -- After healing 50 total Health: Transform into SOLARIUS ETERNAL -- 10/15, BARRIER, DRAIN, GUARDIAN. End of Turn: Fully heal your Hero and all friendly minions. Your Hero is immune during your opponent\",The light doesn\,true,CORE,YES,
lum_m33,DAWN\,7,MINION,LUMINAR,LEGENDARY,5,5,,DEPLOY,STARFORGED -- 9/9. Gains enhanced abilities and BARRIER.,She saw the end. Then she REWROTE it. Free hero power. Five health per tap. Double ILLUMINATE permanently. The Luminar\,true,CORE,YES,
lum_m34,THE SOLAR ENGINE,6,MINION,LUMINAR,LEGENDARY,0,12,ELEMENTAL,,STARFORGED -- enhanced. Gains enhanced abilities and BARRIER.,Auto-heals you. Then CONVERTS every point of healing into end-of-turn damage. Healed 8 this turn? Eight to a random enemy. The Luminar built a machine that turns KINDNESS into VIOLENCE.,true,CORE,YES,
lum_m35,SAINT ELYSIA THE MARTYR,4,MINION,LUMINAR,LEGENDARY,3,5,,ILLUMINATE; LAST_WORDS,STARFORGED -- 7/9. Gains enhanced abilities and BARRIER.,Alive: every heal buffs your ENTIRE board. Dead: every heal STILL buffs your entire board. PERMANENTLY. Kill her and the effect lasts FOREVER. Leave her and she does it through ILLUMINATE. There is no winning move against the Saint.,true,CORE,YES,
lum_s22,THE FINAL DAWN,10,SPELL,LUMINAR,LEGENDARY,,,,BARRIER,STARFORGED -- enhanced. Gains enhanced abilities and BARRIER.,Full heal. Thirty damage to everything. Triple ILLUMINATE across your entire board. BARRIER on everyone. One spell. The Luminar rose for the LAST TIME. And they brought EVERYTHING.,true,CORE,YES,
pyr_sd_m1,Ember Imp,1,MINION,PYROCLAST,COMMON,1,1,ELEMENTAL,LAST_WORDS,Last Words: Deal 1 damage to all enemies.,Small. Angry. Literally on fire. The Pyroclast bred these as pets. The pets keep burning down the kennel. Nobody is surprised.,true,CORE,NO,
pyr_sd_s1,Flamelick,1,SPELL,PYROCLAST,COMMON,,,,,Deal 2 damage to the enemy Hero.,Just a taste. Of FIRE. One mana. Two to the face. The Pyroclast appetizer. The main course is ALSO fire.,true,CORE,NO,
pyr_sd_m2,Firestarter,1,MINION,PYROCLAST,COMMON,1,1,ELEMENTAL,BLITZ; LAST_WORDS,BLITZ. Last Words: Deal 1 damage to the enemy Hero.,Born burning. Dies burning. The tiny window between those events is spent hitting your opponent\,true,CORE,NO,
pyr_sd_s2,Ignite,1,SPELL,PYROCLAST,COMMON,,,,,"Deal 1 damage to a minion. If it dies, deal 3 damage to the enemy Hero.",One spark starts the inferno. Snipe a 1-health minion and the fire JUMPS to face for 3. The Pyroclast call this \,true,CORE,NO,
pyr_sd_m3,Ashwalker,2,MINION,PYROCLAST,COMMON,2,2,,LAST_WORDS,Last Words: Deal 2 damage to the enemy Hero.,"Walks through ash. Creates MORE ash. Every time it dies, two damage hits face. The Pyroclast don\",true,CORE,NO,
pyr_sd_m4,Fire Cultist,3,MINION,PYROCLAST,COMMON,1,1,,DEPLOY,"DEPLOY: Deal 1 damage to ALL characters. (Yes, including your own.)",Doesn\,true,CORE,NO,
pyr_sd_s3,Pyro Bolt,2,SPELL,PYROCLAST,COMMON,,,,,Deal 3 damage to the enemy Hero.,Point. Click. Incinerate. Three to face for two mana. The Pyroclast designed this spell in committee. The committee was on fire.,true,CORE,NO,
pyr_sd_m5,Scorched Fanatic,3,MINION,PYROCLAST,COMMON,2,2,,LAST_WORDS,Last Words: Deal 3 damage to the enemy Hero.,His will is fire. His body is temporary. Three damage to face when he dies. The Pyroclast consider him a HERO. He\,true,CORE,NO,
pyr_sd_s4,Fuel the Flames,3,SPELL,PYROCLAST,COMMON,,,,,Your Last Words effects deal 2 extra damage this turn. Draw a card.,More fuel. MORE. MOOORE. Every Last Words this turn hits 2 harder. Plus a card. The Pyroclast\,true,CORE,NO,
pyr_sd_m6,Charred Berserker,3,MINION,PYROCLAST,COMMON,3,1,,SWIFT; LAST_WORDS,SWIFT. Last Words: Deal 2 damage to all enemies.,5/1 with SWIFT. It hits for 5 immediately. Dies to a sneeze. dies for 2 to everything. The Pyroclast kamikaze lifestyle.,true,CORE,NO,
pyr_sd_m7,Blazing Chariot,4,MINION,PYROCLAST,COMMON,3,4,ELEMENTAL,BLITZ; LAST_WORDS,BLITZ. Last Words: Deal 2 damage to the enemy Hero.,Doesn\,true,CORE,NO,
pyr_sd_s5,Wall of Flame,4,SPELL,PYROCLAST,COMMON,,,,,Deal 3 damage to all enemies.,Some people just want to watch everything burn. The Pyroclast ARE those people. Three to everything. No survivors. No apologies.,true,CORE,NO,
pyr_sd_m8,Magma Giant,5,MINION,PYROCLAST,COMMON,3,5,ELEMENTAL,LAST_WORDS,Last Words: Deal 3 damage to the enemy Hero.,Five tons of angry lava. Three damage to face when it dies. The Pyroclast don\,true,CORE,NO,
pyr_sd_s6,Pyroclastic Flow,5,SPELL,PYROCLAST,COMMON,,,,,Deal 4 damage to all enemy minions.,No escape. No survivors. No refunds. The Pyroclast don\,true,CORE,NO,
pyr_sd_m9,Infernal Juggernaut,6,MINION,PYROCLAST,COMMON,5,4,ELEMENTAL,SWIFT; LAST_WORDS,SWIFT. Last Words: Deal 3 damage to all enemies.,HE is the catastrophe. 6/5 SWIFT that hits immediately. dies for 3 to everything. The Pyroclast\,true,CORE,NO,
pyr_sd_m10,Ashen Colossus,7,MINION,PYROCLAST,COMMON,6,6,ELEMENTAL,LAST_WORDS,Last Words: Deal 4 damage to all enemies.,"When it falls, civilizations end. When it dies, four damage hits everything on the other side. The Pyroclast built a 7/7 extinction event.",true,CORE,NO,
pyr_sd_m11,Kindling,1,MINION,PYROCLAST,COMMON,1,1,ELEMENTAL,LAST_WORDS,LAST WORDS: Deal 2 damage to the enemy Hero.,Born to die. And burn. One mana. Two face damage on death. The Pyroclast\,true,CORE,NO,
pyr_sd_st1,Ash Pit,2,STRUCTURE,PYROCLAST,COMMON,,,,,"Whenever a friendly minion dies, deal 1 damage to the enemy Hero.",Everything returns to ash. Ash returns to YOUR FACE. Every single death pings face for 1. Seven minions die? Seven damage. The Pit COUNTS.,true,CORE,NO,
pyr_sd_m12,Flamecaller Disciple,3,MINION,PYROCLAST,RARE,2,3,,,Your Last Words effects deal 2 extra damage.,Teacher says always add more fire. PERMANENTLY. Every Last Words on every minion hits 2 harder while she\,true,CORE,NO,
pyr_sd_m13,Inferno Engine,5,MINION,PYROCLAST,RARE,3,4,MECH,,"Whenever a friendly minion with Last Words dies, summon a 3/2 Flame Elemental with Last Words: Deal 2 damage to the enemy Hero.",The fire never ends. It just changes SHAPE. Last Words minion dies? A replacement spawns with MORE Last Words. The engine runs on death.,true,CORE,NO,
pyr_sd_s7,Volcanic Heart,4,SPELL,PYROCLAST,RARE,,,,,Give a minion Last Words: Deal damage equal to this minion\,Strap a bomb onto ANYTHING. Your 7/7 now dies for 7 to everything. The Pyroclast don\,true,CORE,NO,
pyr_sd_s8,CHAIN DETONATION,3,SPELL,PYROCLAST,EPIC,,,,,Destroy a friendly minion. Trigger its Last Words. Then trigger the Last Words of every other friendly minion with Last Words.,Kill one bomb. It explodes. Every other bomb on your board ALSO explodes. Four Last Words minions? One sacrifice triggers FIVE explosions. The Pyroclast invented the chain reaction and they are NOT sorry. Three mana. Total board detonation.,true,CORE,NO,
pyr_sd_s9,SUPERNOVA,7,SPELL,PYROCLAST,EPIC,,,,,Destroy ALL minions. Deal 5 damage to the enemy Hero. Trigger all friendly Last Words effects.,"Everything dies. But YOUR minions Last Words first, dealing their death damage. Then every destroyed minion deals 2 to face. Seven minions total? All dies fire, then FOURTEEN to face. The Pyroclast\",true,CORE,NO,
pyr_sd_m14,PYROCLAST AVATAR,5,MINION,PYROCLAST,EPIC,3,3,ELEMENTAL,LAST_WORDS; DEPLOY,DEPLOY: Give ALL friendly minions Last Words: Deal 2 damage to the enemy Hero. Last Words: Deal 4 damage to the enemy Hero.,Everything on your board is now a bomb. Your 1/1 tokens? Bombs. Your GUARDIAN? A bomb. ALL of them Last Words for 2 to face. The Avatar itself hits for 4. The Pyroclast don\,true,CORE,NO,
pyr_m30,PHOENIX ETERNUS,6,MINION,PYROCLAST,LEGENDARY,5,5,ELEMENTAL,BARRIER; LAST_WORDS,"STARFORGE -- After dying 5 times: Transform into THE IMMORTAL PHOENIX -- 12/10, BARRIER, SWIFT. LAST WORDS: Return to play with full Health and +3/+3. Deal 5 damage to all enemies. Costs (0).",Death is not the end. It\,true,CORE,YES,
pyr_m31,"ASHYR, THE WORLD BURNER",8,MINION,PYROCLAST,LEGENDARY,6,6,,DEPLOY; LAST_WORDS,STARFORGED -- 10/10. Gains enhanced abilities and BARRIER.,The Pyroclast had one rule: burn everything. Ashyr added a second: burn it AGAIN. Three damage on entry. Five on Last Words. Two to face every turn. She doesn\,true,CORE,YES,
pyr_m32,MAGMA TYRANT,7,MINION,PYROCLAST,LEGENDARY,7,6,ELEMENTAL,LAST_WORDS,"STARFORGE -- After dealing 30 Last Words damage: Transform into MAGMA EMPEROR -- 10/10, BARRIER. When ANY minion dies, deal 3 damage to all enemies. Last Words: Deal 8 damage to all enemies.",He doesn\,true,CORE,YES,
pyr_m33,GRAND INCINERATOR VOLK,5,MINION,PYROCLAST,LEGENDARY,3,4,,DEPLOY,STARFORGED -- 7/8. Gains enhanced abilities and BARRIER.,The Pyroclast\,true,CORE,YES,
pyr_s24,THE FINAL ERUPTION,10,SPELL,PYROCLAST,LEGENDARY,,,,,STARFORGED -- enhanced. Gains enhanced abilities and BARRIER.,Three waves. Fifteen damage. To EVERYTHING. Your face too. Their face too. Every minion on both sides: DEAD. The Pyroclast\,true,CORE,YES,
voi_sd_m1,Voidborn Wisp,1,MINION,VOIDBORN,COMMON,1,2,VOID,DEPLOY,DEPLOY: Look at the top 2 cards of your opponent\,Tiny. Hungry. It peers into your future and EATS the part it doesn\,true,CORE,NO,
voi_sd_s1,Null Shard,1,SPELL,VOIDBORN,COMMON,,,,,Deal 1 damage. The target\,Small cut. Big loss. One damage to the body. One card to the abyss. The Voidborn exchange rate is BRUTAL.,true,CORE,NO,
voi_sd_m2,Shadow Feeder,1,MINION,VOIDBORN,COMMON,2,1,VOID,,Gains +1/+1 whenever your opponent loses a card from any zone.,Your opponent\,true,CORE,NO,
voi_sd_s2,Entropic Touch,1,SPELL,VOIDBORN,COMMON,,,,,A random card in your opponent\,Everything costs more near the Voidborn. Their 5-drop is now a 7-drop. Their plan just got TWO turns slower. You got a card. Fair.,true,CORE,NO,
voi_sd_m3,Voidborn Stalker,2,MINION,VOIDBORN,COMMON,3,2,VOID,CLOAK,CLOAK.,You can\,true,CORE,NO,
voi_sd_s3,Mind Fracture,2,SPELL,VOIDBORN,COMMON,,,,,Your opponent discards the highest-cost card in their hand.,Their best card. Gone. FOREVER. The Voidborn don\,true,CORE,NO,
voi_sd_m4,Rift Crawler,2,MINION,VOIDBORN,COMMON,2,3,VOID,DEPLOY,DEPLOY: Your opponent\,Crawls between dimensions. Taxes your opponent\,true,CORE,NO,
voi_sd_s4,Void Drain,2,SPELL,VOIDBORN,COMMON,,,,,Deal 2 damage. BANISH the target if it dies. (BANISHed cards can\,Not just dead. ERASED. No graveyard. No resurrection. No memory. The Voidborn definition of \,true,CORE,NO,
voi_sd_m5,Thought Shredder,3,MINION,VOIDBORN,COMMON,2,3,,DEPLOY,DEPLOY: Your opponent discards a random card. Draw a card.,They lose one. You GAIN one. Net swing: two cards. The Voidborn call this \,true,CORE,NO,
voi_sd_s5,Nullify,3,SPELL,VOIDBORN,COMMON,,,,BANISH,BANISH an enemy minion with 3 or less Attack.,It was never here. Check the records. There ARE no records. The Voidborn are very thorough with their un-filing.,true,CORE,NO,
voi_sd_m6,Void Tendril,3,MINION,VOIDBORN,COMMON,2,4,VOID,GUARDIAN; LAST_WORDS,GUARDIAN. LAST WORDS: Your opponent\,Even in death it\,true,CORE,NO,
voi_sd_s6,Creeping Dread,3,SPELL,VOIDBORN,COMMON,,,,,All cards in your opponent\,That sinking feeling? It\,true,CORE,NO,
voi_sd_m7,Reality Ripper,4,MINION,VOIDBORN,COMMON,3,4,VOID,DEPLOY,DEPLOY: BANISH a random card from your opponent\,Rips cards out of EXISTENCE. Not their hand. Not the discard. EXISTENCE. The Voidborn don\,true,CORE,NO,
voi_sd_s7,Psychic Assault,4,SPELL,VOIDBORN,COMMON,,,,,Deal damage to the enemy Hero equal to the number of cards they\,Every erased card leaves a scar. BANISHed five? Five to the face. The Voidborn keep receipts and the BILL arrives violently.,true,CORE,NO,
voi_sd_m8,Abyssal Maw,5,MINION,VOIDBORN,COMMON,4,5,VOID,DEPLOY,DEPLOY: BANISH a random card from your opponent\,It eats futures. Your opponent will NEVER know what they lost. The Voidborn\,true,CORE,NO,
voi_sd_m9,Void Harvester,5,MINION,VOIDBORN,COMMON,4,4,,,"Whenever your opponent loses a card from any zone, gain +2/+2.","Your despair is its protein shake. Discards, BANISHes, deck burns — it\",true,CORE,NO,
voi_sd_s8,Erasure,5,SPELL,VOIDBORN,COMMON,,,,BANISH,BANISH an enemy minion.,Ctrl+Z doesn\,true,CORE,NO,
voi_sd_m10,Void Parasite,2,MINION,VOIDBORN,COMMON,1,1,VOID,LAST_WORDS,LAST WORDS: BANISH a random card from your opponent\,Tiny. Existentially threatening. Kill it and lose a card. Leave it alive and it stares at you. With ALL its eye. The Voidborn\,true,CORE,NO,
voi_sd_st1,Null Anchor,3,STRUCTURE,VOIDBORN,COMMON,,,,,Start of turn: Deal 2 damage to the enemy Hero.,Going first each turn never felt so expensive. Their Turn 4 play costs 6. EVERY turn. The Voidborn anchored reality shut.,true,CORE,NO,
voi_sd_m11,Entropy Weaver,4,MINION,VOIDBORN,RARE,3,4,,,"Whenever a card is BANISHed, draw a card.",Destruction IS productive — if you\,true,CORE,NO,
voi_sd_st2,Voidborn Gate,5,STRUCTURE,VOIDBORN,RARE,,,,,"Whenever you BANISH a card, deal 2 damage to the enemy Hero.",Every erasure echoes. BANISH a card? Two to the face. Three BANISHes in one turn? Six damage. Deletion has physical consequences.,true,CORE,NO,
voi_sd_s9,ENTROPY BOMB,2,SPELL,VOIDBORN,EPIC,,,,,BANISH a random card from your opponent\,Two mana. One card erased. And a damage nuke that scales with EVERY card they\,true,CORE,NO,
voi_sd_s10,THE HOLLOWING,4,SPELL,VOIDBORN,EPIC,,,,,"For the rest of the game, whenever your opponent draws a card, BANISH the top card of their deck.","Every draw costs them TWO cards. They draw one, they LOSE one. Thirty-card deck? Now it\",true,CORE,NO,
voi_sd_m12,NULL COLOSSUS,5,MINION,VOIDBORN,EPIC,4,8,VOID,GUARDIAN,GUARDIAN. Has +1/+1 for each card BANISHed this game. Your opponent\,BANISHed 6 cards? It\,true,CORE,NO,
voi_m29,PROPHET OF THE ENDLESS VOID,9,MINION,VOIDBORN,LEGENDARY,7,7,,DEPLOY; PHASE,"STARFORGE -- After BANISHing 20 cards total: Transform into GOD OF THE VOID -- 12/12, PHASE. DEPLOY: BANISH your opponent\",He preaches one gospel: nothingness. Their hand? Erased. They draw three. Those three cost two more each. He can\,true,CORE,YES,
voi_m30,NULLHEIM\,8,MINION,VOIDBORN,LEGENDARY,5,5,VOID,DEPLOY,STARFORGED -- 9/9. Gains enhanced abilities and BARRIER.,The Voidborn don\,true,CORE,YES,
voi_m31,THE VOID TYRANT,5,MINION,VOIDBORN,LEGENDARY,5,4,VOID,,"STARFORGE -- After BANISHing 10 cards: Transform into THE VOID EMPEROR -- 8/8, PHASE. After your opponent plays a card, BANISH their entire hand. They draw 1. Has +2/+2 for each card BANISHed this game.",Every action they take costs them something they haven\,true,CORE,YES,
voi_m32,ARCHIVIST OF NOTHING,4,MINION,VOIDBORN,LEGENDARY,2,6,,DEPLOY,STARFORGED -- 6/10. Gains enhanced abilities and BARRIER.,She catalogs everything the Void eats. Then USES it. BANISH a card? Free copy for you. Permanent hand vision. She knows what they have. She HAS what they DON\,true,CORE,YES,
voi_s25,THE FINAL NOTHING,10,SPELL,VOIDBORN,LEGENDARY,,,,,STARFORGED -- enhanced. Gains enhanced abilities and BARRIER.,Hand: gone. Board: gone. Deck: gutted. Health: burning. Five cards drawn. The Voidborn stopped whispering and SCREAMED. One spell. Everything deleted. The universe sent an invoice for every card ever lost and your opponent just PAID.,true,CORE,YES,
bio_sd_m1,Genestock Runt,1,MINION,BIOTITANS,COMMON,1,2,BEAST,ADAPT,ADAPT.,Tiny now. Unstable genome. Ask again in five minutes when it\,true,CORE,NO,
bio_sd_s1,Biocelerate,1,SPELL,BIOTITANS,COMMON,,,,,Gain 1 empty Crystal.,Accelerated growth. Accelerated EVERYTHING. The Biotitans don\,true,CORE,NO,
bio_sd_m2,Spore Sac,1,MINION,BIOTITANS,COMMON,0,3,BEAST,LAST_WORDS,LAST WORDS: Summon two 1/1 Sporlings.,Pop! Surprise offspring. They\,true,CORE,NO,
bio_sd_s2,Mutagraft,1,SPELL,BIOTITANS,COMMON,,,,,Give a minion +2/+2.,Graft new tissue. Get a BIGGER organism. Biotitan medicine is just \,true,CORE,NO,
bio_sd_m3,Genome Stalker,2,MINION,BIOTITANS,COMMON,3,3,BEAST,,Gains +1/+1 at the start of each turn.,Unstable DNA. Grows every second. By Turn 5 it\,true,CORE,NO,
bio_sd_m4,Venombrood Larva,2,MINION,BIOTITANS,COMMON,2,2,BEAST,BANE; ADAPT,BANE. ADAPT.,Cute. Larval. Catastrophically venomous. It adapted poison IN THE EGG. Overachiever of the spawning pool.,true,CORE,NO,
bio_sd_m5,Protoplasm,3,MINION,BIOTITANS,COMMON,2,2,BEAST,ADAPT,ADAPT. ADAPT. (Choose 2 bonuses.),"Still deciding what species it wants to be. But whatever it picks, it picks TWICE. Indecisive AND lethal.",true,CORE,NO,
bio_sd_m6,Shellguard Brute,3,MINION,BIOTITANS,COMMON,3,5,BEAST,GUARDIAN,GUARDIAN.,Nothing gets past the carapace. NOTHING. Not plasma. Not claws. Not your opponent\,true,CORE,NO,
bio_sd_s3,Mycorrhizal Web,3,SPELL,BIOTITANS,COMMON,2,2,,,"Give all friendly minions +1/+1. If you control 3+ minions, give +2/+2 instead.",The fungal network connects everything. Everyone buffs. Nobody opts out. Resistance is biologically futile.,true,CORE,NO,
bio_sd_m7,Bloom Crawler,3,MINION,BIOTITANS,COMMON,3,3,BEAST,LAST_WORDS,LAST WORDS: ADAPT a random friendly minion.,Dies beautifully. Bioluminescent spores everywhere. And something on your board just grew a new organ.,true,CORE,NO,
bio_sd_m8,Alpha Strain,4,MINION,BIOTITANS,COMMON,5,4,BEAST,ADAPT,ADAPT.,Top of the gene pool. Bottom of your opponent\,true,CORE,NO,
bio_sd_m9,Living Bulwark,4,MINION,BIOTITANS,COMMON,4,6,BEAST,GUARDIAN,GUARDIAN. Gains +1/+1 whenever you play a Beast.,A wall of living tissue. Every Beast you play feeds it another growth cycle. It never stops thickening.,true,CORE,NO,
bio_sd_s4,Biotic Surge,4,SPELL,BIOTITANS,COMMON,3,3,,,Give a friendly minion +3/+3 and ADAPT.,MAXIMUM MUTATION. Your 2/2 is now a 5/5 with bioluminescent war-horns. Evolution doesn\,true,CORE,NO,
bio_sd_m10,Razormaw Titan,5,MINION,BIOTITANS,COMMON,6,4,BEAST,SWIFT; ADAPT,SWIFT. ADAPT.,Fast. Adaptive. Hungry. It evolved legs specifically to chase YOU. Be flattered. Then run.,true,CORE,NO,
bio_sd_s5,Spawning Call,5,SPELL,BIOTITANS,COMMON,,,,,Summon a random Beast from your deck. Give it +2/+2 and ADAPT.,You didn\,true,CORE,NO,
bio_sd_m11,Titan Wurm,6,MINION,BIOTITANS,COMMON,7,7,BEAST,ADAPT,ADAPT. Costs (1) less for each Beast you control.,Discounted megafauna. Bulk evolution rates. Three Beasts on board and this costs less than a Spore Sac.,true,CORE,NO,
bio_sd_s6,Bioamplify,6,SPELL,BIOTITANS,COMMON,,,,,Give all friendly Beasts +3/+3 and ADAPT.,MASS MUTATION EVENT. Everything grows. Everything adapts. Your opponent\,true,CORE,NO,
bio_sd_m12,Gestation Pod,2,MINION,BIOTITANS,COMMON,0,3,BEAST,LAST_WORDS,LAST WORDS: Summon a random Beast that costs (4) or less.,What\,true,CORE,NO,
bio_sd_st1,Spawning Grounds,3,STRUCTURE,BIOTITANS,COMMON,,,,,Your Beasts have +1/+1.,Rich in nutrients. Rich in mutations. Everything that grows here grows WRONG. Beautifully wrong.,true,CORE,NO,
bio_sd_m13,Hive Matriarch,5,MINION,BIOTITANS,RARE,4,5,BEAST,DEPLOY,DEPLOY: Summon three 1/1 Sporlings. They all ADAPT.,One matriarch. A board of drones. Every one mutates differently. Enjoy predicting THAT.,true,CORE,NO,
bio_sd_s7,Mutagenic Spores,2,SPELL,BIOTITANS,RARE,,,,,Give a minion ADAPT three times. (Choose 3 bonuses.),"Triple mutation. Triple horror. Your 1/1 Sporling just became a 4/4 with BANE, SWIFT, and an existential crisis.",true,CORE,NO,
bio_sd_s8,PRIMORDIAL OOZE,1,SPELL,BIOTITANS,EPIC,,,,,Summon a random 1-cost Beast. ADAPT it. Then ADAPT it again. Then ADAPT it AGAIN.,One mana. One random microbe. THREE forced mutations. It started as bacteria. It\,true,CORE,NO,
bio_sd_s9,FORCED EVOLUTION,3,SPELL,BIOTITANS,EPIC,,,,,Transform ALL friendly minions into random minions that cost (2) more. ADAPT each one.,Your entire board just jumped two tiers on the food chain and grew spines. Literal spines. Everyone has spines now. The lab is pleased.,true,CORE,NO,
bio_sd_st2,GENESIS CRADLE,4,STRUCTURE,BIOTITANS,EPIC,,,,,"Whenever a friendly Beast dies, summon a random Beast that costs (1) more and ADAPT it.",Kill a 2-drop. A 3-drop hatches. Kill that. A 4-drop hatches. Kill THAT. You\,true,CORE,NO,
bio_m29,WORLDEATER HYDRA,8,MINION,BIOTITANS,LEGENDARY,8,8,BEAST,ADAPT,"STARFORGE -- After ADAPTing 10 times: Transform into HYDRA APEX -- 15/15. Has ALL ADAPT bonuses permanently. Whenever this attacks, ADAPT twice. Can\",Three heads. Each one evolves independently. Each one hates you independently. Hit it and it grows a FOURTH head. The Biotitans\,true,CORE,YES,
bio_m30,WORLDSHAPER THORNA,9,MINION,BIOTITANS,LEGENDARY,8,8,,DEPLOY,"STARFORGE -- After playing 20 Beasts: Transform into THORNA, MOTHER OF ALL -- 12/15. ALL minions you play are Beasts with ADAPT three times, +3/+3, and cost (2) less.",Chief Biogineer. She shaped an entire world\,true,CORE,YES,
bio_m31,THE LIVING PLANET,10,MINION,BIOTITANS,LEGENDARY,10,10,BEAST,GUARDIAN; ADAPT; LAST_WORDS,STARFORGED -- 14/14. Gains enhanced abilities and BARRIER.,It IS the biosphere. The forests are its hair. The oceans are its blood. Kill it and five entire ecosystems crawl out for revenge.,true,CORE,YES,
bio_m32,GENE-ARCHON VEXXIS,4,MINION,BIOTITANS,LEGENDARY,2,6,,DEPLOY,STARFORGED -- 6/10. Gains enhanced abilities and BARRIER.,He mutated everything. His lab. His specimens. His breakfast. Now he\,true,CORE,YES,
bio_m33,THE FIRST ORGANISM,6,MINION,BIOTITANS,LEGENDARY,5,5,BEAST,ADAPT,STARFORGED -- 9/9. Gains enhanced abilities and BARRIER.,"The original genome. The ancestor strand. Everything that crawls, flies, bites, or oozes evolved from THIS. Four adaptations. Potentially free. The food chain starts here and it ends with your opponent.",true,CORE,YES,
cry_sd_m1,Prism Shard,1,MINION,CRYSTALLINE,COMMON,1,2,ELEMENTAL,RESONATE,RESONATE: Gain +1/+1.,Vibrates when you cast spells. Also when nervous. Also when you LOOK at it. Very sensitive crystal.,true,CORE,NO,
cry_sd_s1,Crystal Spark,1,SPELL,CRYSTALLINE,COMMON,,,,,Deal 1 damage. Draw a card.,A tiny zap. A tiny card. A tiny WIN. The Crystalline consider this \,true,CORE,NO,
cry_sd_s2,Arcane Missile,1,SPELL,CRYSTALLINE,COMMON,,,,,Deal 3 damage randomly split among all enemies.,Aim? Where we\,true,CORE,NO,
cry_sd_s3,Mana Siphon,1,SPELL,CRYSTALLINE,COMMON,,,,,Gain 1 Crystal this turn only. Draw a card.,Borrow power from the universe. The universe doesn\,true,CORE,NO,
cry_sd_m2,Geode Apprentice,2,MINION,CRYSTALLINE,COMMON,2,3,,RESONATE,RESONATE: Deal 1 damage to a random enemy.,Studies hard. Zaps harder. Graduated top of her class in Applied Crystal Violence.,true,CORE,NO,
cry_sd_s4,Refraction Bolt,2,SPELL,CRYSTALLINE,COMMON,,,,,"Deal 2 damage. If you cast another spell this turn, deal 4 instead.",Alone: a spark. After another spell: a THUNDERBOLT. The Crystalline invented the combo meal.,true,CORE,NO,
cry_sd_m3,Spell Weaver,2,MINION,CRYSTALLINE,COMMON,1,3,,,Your spells cost (1) less. (Minimum 1.),Discount magic. No coupons required. She\,true,CORE,NO,
cry_sd_m4,Crystal Golem,2,MINION,CRYSTALLINE,COMMON,2,3,ELEMENTAL,RESONATE,RESONATE: Gain +0/+2.,"Gets tougher every time you cast. The strong, silent type. By Turn 6 it\",true,CORE,NO,
cry_sd_m5,Resonance Mage,3,MINION,CRYSTALLINE,COMMON,3,3,,RESONATE,RESONATE: Add a random spell to your hand. It costs (1).,Casts spells. Gets spells. Casts THOSE spells. Gets MORE spells. She hasn\,true,CORE,NO,
cry_sd_s5,Shatter,3,SPELL,CRYSTALLINE,COMMON,,,,,"Deal 4 damage. If this kills the target, deal 2 damage to adjacent minions.","Break one, crack two. Crystal physics. The Crystalline textbook has one chapter and it\",true,CORE,NO,
cry_sd_s6,Spell Surge,3,SPELL,CRYSTALLINE,COMMON,,,,,Draw 2 cards. If you\,More spells. More cards. More spells FROM cards. It\,true,CORE,NO,
cry_sd_m6,Energized Sentry,3,MINION,CRYSTALLINE,COMMON,2,4,ELEMENTAL,,Gains +1 Attack for each spell you\,Charges up while you cast. Cast four spells and it\,true,CORE,NO,
cry_sd_m7,Living Crystal,4,MINION,CRYSTALLINE,COMMON,4,4,ELEMENTAL,RESONATE,RESONATE: Gain +1/+1 AND deal 1 damage to a random enemy. (Triggers both on each spell.),Double resonance. Double trouble. Cast one spell and it grows AND hurts someone. Cast five and it\,true,CORE,NO,
cry_sd_s7,Refract,4,SPELL,CRYSTALLINE,COMMON,,,,,Deal 3 damage. Cast a random spell that costs (3) or less. (Targets chosen randomly.),One spell becomes two. You paid for damage. You got damage AND a mystery bonus. Chaos is a FEATURE.,true,CORE,NO,
cry_sd_m8,Crystal Colossus,5,MINION,CRYSTALLINE,COMMON,5,6,ELEMENTAL,RESONATE,RESONATE: Gain +2/+2 and SWIFT.,"Cast one spell and a 5/6 becomes a 7/8 with SWIFT. The bigger they resonate, the harder your opponent cries.",true,CORE,NO,
cry_sd_s8,Arcane Storm,5,SPELL,CRYSTALLINE,COMMON,,,,,Deal 1 damage to all enemies for each spell you\,Step 1: Cast five spells. Step 2: Cast THIS. Step 3: Six damage to everything. Step 4: Apologize to nobody.,true,CORE,NO,
cry_sd_s9,Overload,5,SPELL,CRYSTALLINE,COMMON,,,,,Your next spell this turn costs (0) and deals double damage.,UNLIMITED POWER! (Limited to one use per cast.) The Crystalline definition of restraint.,true,CORE,NO,
cry_sd_m9,Prismatic Dragon,6,MINION,CRYSTALLINE,COMMON,6,6,ELEMENTAL,RESONATE,RESONATE: Deal 3 damage to a random enemy.,"Every spell you cast, it breathes fire. EVERY one. It\",true,CORE,NO,
cry_sd_st1,Resonance Chamber,2,STRUCTURE,CRYSTALLINE,COMMON,,,,,Your RESONATE effects trigger an additional time.,Say it again. Louder. LOUDER. The Chamber has one rule: everything happens TWICE.,true,CORE,NO,
cry_sd_m10,Spell Amplifier,3,MINION,CRYSTALLINE,RARE,2,4,,,Your spells deal 2 extra damage.,Makes everything louder. EVERYTHING. Your 1-damage plink is now a 3-damage punch. She doesn\,true,CORE,NO,
cry_sd_m11,Prismora Channeler,5,MINION,CRYSTALLINE,RARE,4,5,,RESONATE,RESONATE: The next spell you cast this turn costs (2) less.,Fuels the fire while standing in the fire. Every spell you cast makes the NEXT spell cheaper. Infinite discount energy.,true,CORE,NO,
cry_sd_s10,CHAIN IGNITION,2,SPELL,CRYSTALLINE,EPIC,,,,,Deal 1 damage to a random enemy. Cast this again for each spell you\,One damage. Then one more. Then one MORE. Cast five spells before this and it fires SIX times. It doesn\,true,CORE,NO,
cry_sd_m12,LIVING SPELLBOOK,4,MINION,CRYSTALLINE,EPIC,3,5,,DEPLOY,"DEPLOY: Discover a spell. It costs (0). Whenever you cast a spell, add a random spell to your hand that costs (1) less than the spell you cast.",It\,true,CORE,NO,
cry_sd_m13,PRISMATIC ANOMALY,3,MINION,CRYSTALLINE,EPIC,2,4,ELEMENTAL,RESONATE,RESONATE: Cast a copy of the spell that triggered this. (Targets chosen randomly.) Your spells cost (1) less.,You cast a spell. It copies that spell. The copy triggers ANOTHER resonate. Which copies AGAIN. It\,true,CORE,NO,
cry_m26,GEODE SAGE LUMIS,9,MINION,CRYSTALLINE,LEGENDARY,6,8,,DEPLOY,"STARFORGE -- After casting 25 spells: Transform into LUMIS, ARCANE AVATAR -- 10/12. ALL spells you cast are cast twice. Your spells cost (3) less. RESONATE effects trigger three times.",He didn\,true,CORE,YES,
cry_m27,THE INFINITE PRISM,10,MINION,CRYSTALLINE,LEGENDARY,0,15,ELEMENTAL,,STARFORGED -- enhanced. Gains enhanced abilities and BARRIER.,It does nothing. Then it does EVERYTHING. Twice. Every spell you cast gets replayed at end of turn for free. It\,true,CORE,YES,
cry_m28,ARCHMAGE PRISCILLA,7,MINION,CRYSTALLINE,LEGENDARY,5,6,,DEPLOY,STARFORGED -- 9/10. Gains enhanced abilities and BARRIER.,A hand full of cheap spells. Every cast discounts the next. She doesn\,true,CORE,YES,
cry_m29,CRYSTAL ANARCHIST ZAEL,4,MINION,CRYSTALLINE,LEGENDARY,3,4,,DEPLOY,STARFORGED -- 7/8. Gains enhanced abilities and BARRIER.,He hijacked resonance itself. Now YOUR opponent\,true,CORE,YES,
cry_s28,THE FIRST SPELL,0,SPELL,CRYSTALLINE,LEGENDARY,,,,,STARFORGED -- enhanced. Gains enhanced abilities and BARRIER.,Zero mana. Maximum damage. It counts every spell you ever cast and delivers the bill in one hit. Turn 15 after 20 spells? Twenty damage and three cards. It\,true,CORE,YES,
phc_sd_m1,Deckhand Specter,1,MINION,PHANTOM_CORSAIRS,COMMON,1,1,PIRATE,CLOAK,CLOAK.,"You hired a ghost pirate. It showed up invisible, stole your lunch, and vanished. Employee of the month.",true,CORE,NO,
phc_sd_m2,Phantom Parrot,1,MINION,PHANTOM_CORSAIRS,COMMON,1,1,PIRATE,DEPLOY,DEPLOY: Copy the last card your opponent played. It costs (1).,BAWK! I\,true,CORE,NO,
phc_sd_s1,Plunder,1,SPELL,PHANTOM_CORSAIRS,COMMON,,,,,Copy a random card from your opponent\,What\,true,CORE,NO,
phc_sd_m4,Smuggler\,2,MINION,PHANTOM_CORSAIRS,COMMON,2,2,PIRATE,SWIFT,SWIFT.,Fast hands. Faster exit. He\,true,CORE,NO,
phc_sd_m5,Ghost Gunner,2,MINION,PHANTOM_CORSAIRS,COMMON,2,2,PIRATE,DEPLOY,PHASE. DEPLOY: Deal 1 damage to a random enemy.,Can\,true,CORE,NO,
phc_sd_m6,Pickpocket,2,MINION,PHANTOM_CORSAIRS,COMMON,1,3,PIRATE,,"Whenever this attacks, add a random card from your opponent\",Every swing is a shopping spree. She doesn\,true,CORE,NO,
phc_sd_s2,Smoke Bomb,2,SPELL,PHANTOM_CORSAIRS,COMMON,,,,CLOAK,Give a friendly minion CLOAK and +1/+1. Draw a card.,Now you see it. Now you don\,true,CORE,NO,
phc_sd_m7,Phantom Blade,3,MINION,PHANTOM_CORSAIRS,COMMON,3,2,PIRATE,CLOAK,CLOAK. SWIFT.,Appears. Stabs. Disappears. The Corsairs call this a \,true,CORE,NO,
phc_sd_m8,Cargo Raider,3,MINION,PHANTOM_CORSAIRS,COMMON,2,3,PIRATE,DEPLOY,DEPLOY: Add a copy of a random card from your opponent\,Found this in your cargo hold. Mine now. Found that too. Also mine. Actually everything in here is mine now.,true,CORE,NO,
phc_sd_m9,Spectral Rigging,3,MINION,PHANTOM_CORSAIRS,COMMON,2,4,PIRATE,,PHASE. Gains +1/+1 whenever you play a stolen card.,Grows on stolen goods. Every pilfered card makes it stronger. It\,true,CORE,NO,
phc_sd_s3,Ghostwalk,3,SPELL,PHANTOM_CORSAIRS,COMMON,,,,PHASE,Give all friendly minions PHASE until your next turn.,The whole crew goes invisible. Your opponent swings at nothing. Misses everything. Questions their career choices.,true,CORE,NO,
phc_sd_m10,Corsair Quartermaster,4,MINION,PHANTOM_CORSAIRS,COMMON,2,4,PIRATE,,Your Pirates have +1 Attack. Stolen cards in your hand cost (1) less.,Manages the loot AND the crew. Multi-tasking pirate. His spreadsheets are written on stolen napkins.,true,CORE,NO,
phc_sd_m11,Wraithship Gunner,4,MINION,PHANTOM_CORSAIRS,COMMON,4,3,PIRATE,DEPLOY,PHASE. DEPLOY: Deal 2 damage to a minion.,Shoots from between dimensions. You can\,true,CORE,NO,
phc_sd_s4,Ransack,4,SPELL,PHANTOM_CORSAIRS,COMMON,,,,,Steal 2 random cards from your opponent\,Grand theft card game. They had seven cards. Now they have five. You have nine. Pirate math.,true,CORE,NO,
phc_sd_m12,Phantom Duelist,5,MINION,PHANTOM_CORSAIRS,COMMON,4,4,PIRATE,SWIFT,PHASE. SWIFT.,Fights you. You can\,true,CORE,NO,
phc_sd_m13,Ghost Fleet Raider,5,MINION,PHANTOM_CORSAIRS,COMMON,3,4,PIRATE,DEPLOY,DEPLOY: Add 3 random cards from your opponent\,Loots first. Asks questions to the wreckage. Three cards stolen. Three discounts applied. Three reasons to concede.,true,CORE,NO,
phc_sd_m14,Phantom Dreadnought,6,MINION,PHANTOM_CORSAIRS,COMMON,5,5,PIRATE,CLOAK,PHASE. CLOAK. (Fully untargetable until it attacks.),You can\,true,CORE,NO,
phc_sd_st1,Smuggler\,2,STRUCTURE,PHANTOM_CORSAIRS,COMMON,,,,,"Whenever you play a stolen card, draw a card.","Every stolen card comes with a free bonus card. Pirate loyalty rewards program. Infinite plundering, infinite draws.",true,CORE,NO,
phc_sd_s5,Corsair Ambush,5,SPELL,PHANTOM_CORSAIRS,RARE,,,,,Summon three 3/2 Phantom Pirates with CLOAK and SWIFT.,Three ghosts walk into your board. This isn\,true,CORE,NO,
phc_sd_s6,Plunderstorm,5,SPELL,PHANTOM_CORSAIRS,RARE,,,,,Steal a random card from your opponent\,Four pirates? Four stolen cards. They\,true,CORE,NO,
phc_sd_s7,THE GREAT TRAIN ROBBERY,4,SPELL,PHANTOM_CORSAIRS,EPIC,,,,,Steal the top 3 cards of your opponent\,Three cards ripped straight from their future. Spells fire on arrival. Minions are free. The Corsairs don\,true,CORE,NO,
phc_sd_m15,GHOST IN THE MACHINE,3,MINION,PHANTOM_CORSAIRS,EPIC,2,3,PIRATE,PHASE; DEPLOY,"PHASE. DEPLOY: For the rest of the game, whenever your opponent draws a card, add a copy to your hand. It costs (2) more.",Every. Card. They. Draw. You get a copy. EVERY one. For the REST of the game. They draw their win condition? You have it too. They draw removal? You ALSO have removal. The Ghost sees everything. The Ghost TAKES everything.,true,CORE,NO,
phc_sd_s8,PHANTOM ARMADA,6,SPELL,PHANTOM_CORSAIRS,EPIC,,,,,Summon a 3/3 Phantom Pirate with PHASE for each card you\,Stole five cards? Five 3/3 PHASE pirates. Can\,true,CORE,NO,
phc_m3,Stowaway,1,MINION,PHANTOM_CORSAIRS,COMMON,1,1,PIRATE,CLOAK; LAST_WORDS,STARFORGED -- 5/5. Gains enhanced abilities and BARRIER.,Tiny. Sneaky. Carrying a LEGENDARY in its coat? How? WHERE? It\,true,CORE,YES,
phc_m28,CAPTAIN SHADOWVANE,8,MINION,PHANTOM_CORSAIRS,LEGENDARY,5,5,PIRATE,PHASE; DEPLOY,"STARFORGE -- After stealing 15 cards: Transform into SHADOWVANE, THE GHOST KING -- 12/10, PHASE. Steal your opponent\",He doesn\,true,CORE,YES,
phc_m29,THE NETHERSTORM,9,MINION,PHANTOM_CORSAIRS,LEGENDARY,0,12,,PHASE,STARFORGED -- enhanced. Gains enhanced abilities and BARRIER.,It\,true,CORE,YES,
phc_m30,PHANTOM ADMIRAL WRAITH,7,MINION,PHANTOM_CORSAIRS,LEGENDARY,5,5,PIRATE,PHASE; DEPLOY,"STARFORGE -- After playing 10 stolen cards: Transform into ADMIRAL OF THE DAMNED -- 10/10, PHASE. ALL Pirates have PHASE and +3/+3. Whenever you play ANY card, steal a card from your opponent\",The Admiral arrives. Every pirate goes invisible. Every stolen card recruits another ghost. She commands a fleet you can\,true,CORE,YES,
phc_m31,JACK \,4,MINION,PHANTOM_CORSAIRS,LEGENDARY,3,3,PIRATE,CLOAK; DEPLOY,STARFORGED -- 7/7. Gains enhanced abilities and BARRIER.,Hits. Steals. Vanishes. Every attack re-cloaks him. Every decloak steals ANOTHER card. He\,true,CORE,YES,
phc_s25,THE GHOST TIDE,10,SPELL,PHANTOM_CORSAIRS,LEGENDARY,,,,,STARFORGED -- enhanced. Gains enhanced abilities and BARRIER.,Their hand: gone. Replaced with self-damage. Your board: full of untargetable ghosts. The Ghost Tide doesn\,true,CORE,YES,
hiv_sd_m1,Worker Drone,1,MINION,HIVEMIND,COMMON,2,1,INSECT,SWARM,SWARM. (Gets +1/+1 for each other friendly minion.),Alone: pathetic. With one friend: slightly less pathetic. With six friends: a 7/7 that REMEMBERS being pathetic.,true,CORE,NO,
hiv_sd_s1,Spawning Pit,1,SPELL,HIVEMIND,COMMON,,,,,Summon two 1/1 Drones.,Two for one mana. The Hivemind\,true,CORE,NO,
hiv_sd_m2,Hatchling Burst,1,MINION,HIVEMIND,COMMON,1,1,INSECT,LAST_WORDS,LAST WORDS: Summon two 1/1 Drones.,Kill one. Get two. Kill those two. Get FOUR. The Hivemind\,true,CORE,NO,
hiv_sd_m3,Skittering Scout,1,MINION,HIVEMIND,COMMON,2,2,INSECT,DEPLOY,"DEPLOY: If you control 2+ other minions, draw a card.",Reports back to the collective. The collective is VERY interested. The collective is ALWAYS interested.,true,CORE,NO,
hiv_sd_m4,Brood Tender,2,MINION,HIVEMIND,COMMON,2,3,INSECT,DEPLOY,DEPLOY: Summon a 1/1 Drone.,Babysitter of the apocalypse. She\,true,CORE,NO,
hiv_sd_s2,Infest,2,SPELL,HIVEMIND,COMMON,,,,,Summon three 1/1 Drones.,Congratulations! Your board has bugs. Three of them. They\,true,CORE,NO,
hiv_sd_m5,Acid Spitter,2,MINION,HIVEMIND,COMMON,3,2,INSECT,SWIFT; DEPLOY,DEPLOY: Deal 1 damage for each other friendly minion you control.,Aim is optional. Volume is MANDATORY. Five friends on board? Five acid globs. The Hivemind calls this \,true,CORE,NO,
hiv_sd_s3,Pheromone Trail,2,SPELL,HIVEMIND,COMMON,,,,,Give all friendly minions +1 Attack this turn. Draw a card.,Follow the scent. Of victory. And also of several billion insects. Mostly the insects.,true,CORE,NO,
hiv_sd_m6,Tunnel Burrower,3,MINION,HIVEMIND,COMMON,3,4,INSECT,GUARDIAN; SWARM,GUARDIAN. SWARM.,Digs in. Grows with the hive. With six friends it\,true,CORE,NO,
hiv_sd_s4,Brood Burst,3,SPELL,HIVEMIND,COMMON,,,,,Summon 1/1 Drones until you have 5 minions.,"Board half empty? Board half FULL OF BUGS. The Hivemind is an optimist. A terrifying, chitinous optimist.",true,CORE,NO,
hiv_sd_s5,Feed the Swarm,3,SPELL,HIVEMIND,COMMON,,,,,Destroy a friendly minion. Give all other friendly minions +2/+1.,One drone dies. The rest absorb its nutrients. Nobody mourns. Everybody grows. Standard Tuesday.,true,CORE,NO,
hiv_sd_m7,Venomsting,3,MINION,HIVEMIND,COMMON,2,3,INSECT,BANE; SWIFT; SWARM,BANE. SWARM.,Poisonous AND it grows with friends. Nature\,true,CORE,NO,
hiv_sd_m8,Hive Coordinator,4,MINION,HIVEMIND,COMMON,4,5,INSECT,DEPLOY,Your SWARM minions have +1/+1. DEPLOY: Summon a 1/1 Drone.,Middle management. But BANE middle management. Her performance reviews are written in pheromones and violence.,true,CORE,NO,
hiv_sd_s6,Plague Swarm,4,SPELL,HIVEMIND,COMMON,,,,,Deal 1 damage to all enemy minions for each friendly minion you control.,More bugs equals more pain. Simple entomology. Seven minions? Seven damage to EVERYTHING they have.,true,CORE,NO,
hiv_sd_m9,Brood Lord,5,MINION,HIVEMIND,COMMON,5,5,INSECT,SWIFT; SWARM,"SWARM. Whenever this attacks, summon two 1/1 Drones.",Attacks AND reproduces simultaneously. Multitasking nightmare. Every swing makes two more friends to count.,true,CORE,NO,
hiv_sd_s7,Swarm Tide,5,SPELL,HIVEMIND,COMMON,,,,,Fill your board with 1/1 Drones.,MAXIMUM BUGS. From zero to seven in one card. The board is FULL. The Hivemind is PLEASED.,true,CORE,NO,
hiv_sd_s8,Devouring Tide,5,SPELL,HIVEMIND,COMMON,3,3,,,"Give all friendly minions +2/+2. If you have 5+ minions, give +3/+3 instead.",The swarm eats. The swarm GROWS. Five minions just became five BIGGER minions. The math compounds.,true,CORE,NO,
hiv_sd_s9,Swarm Intelligence,6,SPELL,HIVEMIND,COMMON,,,,,Draw a card for each friendly minion. Give all friendly minions +1/+1.,The hive thinks. The hive DRAWS SEVEN CARDS. The hive grows +1/+1 across the board. The hive is VERY smart.,true,CORE,NO,
hiv_sd_m10,Egg Sac,1,MINION,HIVEMIND,COMMON,0,2,INSECT,LAST_WORDS,LAST WORDS: Summon three 1/1 Drones.,So fragile. So full of BUGS. Pop it and three angry children spill out. Don\,true,CORE,NO,
hiv_sd_s10,Hivemind Synapse,4,SPELL,HIVEMIND,RARE,,,,,Double the Attack and Health of all 1/1 minions you control.,1/1s become 2/2s. Seven 2/2s is 14/14 total stats. BUG MATH. It\,true,CORE,NO,
hiv_sd_m11,Queen\,5,MINION,HIVEMIND,RARE,5,5,INSECT,SWIFT; SWARM; BARRIER,"SWARM. BARRIER. Whenever this kills a minion, summon two 1/1 Drones.",Kills for the queen. Breeds for the queen. Has BARRIER because the queen said so. Employee of every month.,true,CORE,NO,
hiv_sd_s11,SWARM SINGULARITY,5,SPELL,HIVEMIND,EPIC,,,,,Merge ALL friendly minions into one. Its Attack and Health equal the total of all merged minions. It has all their keywords and SWARM.,"Seven minions walk in. One ABOMINATION walks out. A 1/1, a 3/2, a 4/5, two 2/2s — combined into a 12/12 with SWARM, BANE, GUARDIAN, and a grudge the size of a star system. The Hivemind\",true,CORE,NO,
hiv_sd_m12,BIRTH/DEATH ENGINE,3,MINION,HIVEMIND,EPIC,2,5,INSECT,,"Whenever a friendly minion dies, summon TWO 1/1 Drones. Whenever a Drone is summoned, deal 1 damage to all enemies.",Every death spawns two. Every spawn hurts everything. Kill a drone? Two more hatch. Two pings fire. Those drones die? FOUR more. FOUR pings. It doesn\,true,CORE,NO,
hiv_sd_s12,OVERMIND DIRECTIVE,4,SPELL,HIVEMIND,EPIC,,,,,"For the rest of this turn, whenever you summon a minion, summon a copy of it. At end of turn, give ALL friendly minions +1/+1 for each minion you control.",Every summon doubles. EVERY one. Play Infest? Six drones. Play Swarm Tide? FOURTEEN. Then everything on your board gets +1/+1 for each body present. The Hivemind just told every cell to DIVIDE.,true,CORE,NO,
hiv_m27,OVERMIND SKRYX,9,MINION,HIVEMIND,LEGENDARY,5,10,INSECT,SWARM; DEPLOY; SWIFT,"STARFORGE -- After summoning 50 Drones: Transform into SKRYX, THE INFINITE SWARM -- 8/20, SWARM. Drones have SWARM, SWIFT, and BANE. Start of Turn: Fill your board with 1/1 Drones. Whenever a Drone attacks, summon another Drone.",One mind controls them all. One mind says: MORE. Every drone that hatches pumps the entire hive. Every drone has SWIFT. The Overmind doesn\,true,CORE,YES,
hiv_m28,THE LIVING HIVE,8,MINION,HIVEMIND,LEGENDARY,3,3,INSECT,LAST_WORDS,STARFORGED -- 7/7. Gains enhanced abilities and BARRIER.,Kill it. Go ahead. Six more appear. Kill THOSE. Six more EACH. The Living Hive doesn\,true,CORE,YES,
hiv_m29,THE BROOD MOTHER,8,MINION,HIVEMIND,LEGENDARY,6,8,INSECT,SWARM; DEPLOY,"STARFORGE -- After summoning 30 Drones: Transform into THE HIVE EMPRESS -- 10/15, SWARM. DEPLOY: Fill your board with 4/4 Elite Drones with SWARM. ALL SWARM bonuses are tripled. Start of Turn: Summon Drones until your board is full.",She doesn\,true,CORE,YES,
hiv_m30,QUEEN PARASITHRA,5,MINION,HIVEMIND,LEGENDARY,4,4,INSECT,DEPLOY,STARFORGED -- 8/8. Gains enhanced abilities and BARRIER.,Every enemy bleeds. Every bleed spawns a drone. Every death feeds the Queen. She infested an entire fleet by LOOKING at it. The Hivemind\,true,CORE,YES,
hiv_m31,THE FIRST DRONE,1,MINION,HIVEMIND,LEGENDARY,1,1,INSECT,SWARM,STARFORGED -- 5/5. Gains enhanced abilities and BARRIER.,The original. The ancestor. One drone that breeds from every summon. Play one minion? Two drones appear. Play three? Six drones. It can\,true,CORE,YES,
ast_sd_m1,Stargazer Initiate,1,MINION,ASTROMANCERS,COMMON,2,3,,SCRY,"SCRY (2). (Look at the top 2 cards of your deck, rearrange in any order.)",Sees the future. Rearranges it. Gets a C+ in Divination class anyway.,true,CORE,NO,
ast_sd_s1,Cosmic Insight,1,SPELL,ASTROMANCERS,COMMON,,,,,Draw a card. SCRY (2).,One card now. Two cards arranged for later. Patience is a weapon and you just loaded it.,true,CORE,NO,
ast_sd_s2,Stellar Compass,1,SPELL,ASTROMANCERS,COMMON,,,,,SCRY (3). Draw a card.,Points to destiny. Also points to the bathroom. Multi-functional.,true,CORE,NO,
ast_sd_m2,Astral Moth,1,MINION,ASTROMANCERS,COMMON,2,1,ELEMENTAL,LAST_WORDS,LAST WORDS: SCRY (2).,Dies beautifully. Shows you the future on the way out. 10/10 moth. Would mourn again.,true,CORE,NO,
ast_sd_m3,Celestial Scribe,2,MINION,ASTROMANCERS,COMMON,2,4,,,"Whenever you draw a card outside your normal draw, gain +1/+1.",Takes notes. Gets HUGE from notes. She\,true,CORE,NO,
ast_sd_s3,Star Chart,2,SPELL,ASTROMANCERS,COMMON,,,,,Draw 2 cards.,"Two cards. No strings. No tricks. Just pure, uncut VALUE injected directly into your hand.",true,CORE,NO,
ast_sd_m4,Nebula Sprite,2,MINION,ASTROMANCERS,COMMON,3,3,ELEMENTAL,DEPLOY,DEPLOY: SCRY (2). Draw a card if you put a minion on top.,Finds your friends. Puts them on top. An adorable little cosmic stalker.,true,CORE,NO,
ast_sd_m5,Prophecy Keeper,3,MINION,ASTROMANCERS,COMMON,3,4,,,"Whenever you SCRY, draw the top card if it costs 3 or less.",Predicts cheap cards. Draws cheap cards. She\,true,CORE,NO,
ast_sd_s4,Supernova Shard,3,SPELL,ASTROMANCERS,COMMON,,,,,"Deal 3 damage. SCRY (2). If the top card is a spell, deal 3 more damage.",Peek. Boom. Maybe double boom. The suspense is half the fun. The damage is the other half.,true,CORE,NO,
ast_sd_s5,Cosmic Resonance,3,SPELL,ASTROMANCERS,COMMON,,,,,SCRY (4). Draw 2 cards.,Arrange FOUR. Draw TWO. Your deck just became a loaded weapon with a hair trigger.,true,CORE,NO,
ast_sd_m6,Starfall Sentinel,3,MINION,ASTROMANCERS,COMMON,4,3,,SWIFT; SCRY,SWIFT. SCRY (1).,Hits first. Peeks second. Leaves third. A cosmic hit-and-run artist.,true,CORE,NO,
ast_sd_m7,Fate Weaver,4,MINION,ASTROMANCERS,COMMON,4,5,,BARRIER; DEPLOY,DEPLOY: SCRY (3). Draw the top card. It costs (2) less this turn.,Sees your best card. Yoinks it. Slaps a discount sticker on it. Absolute legend.,true,CORE,NO,
ast_sd_m8,Celestial Observer,4,MINION,ASTROMANCERS,COMMON,4,4,,SWIFT,"Whenever you draw a card, deal 1 damage to a random enemy.",Draws hurt. Being watched by this thing hurts MORE. Every card is a tiny psychic bullet.,true,CORE,NO,
ast_sd_s6,Star Storm,4,SPELL,ASTROMANCERS,COMMON,,,,,Deal 4 damage. SCRY (3).,Four damage NOW. Three perfectly arranged cards for LATER. The present AND future hate your opponent.,true,CORE,NO,
ast_sd_s7,Divination,4,SPELL,ASTROMANCERS,COMMON,,,,,Look at the top 5 cards of your deck. Draw 2 of them. Put the rest back in any order.,Choose your destiny. From five options. Like a cosmic buffet but everything\,true,CORE,NO,
ast_sd_m9,Astral Titan,5,MINION,ASTROMANCERS,COMMON,6,6,,SCRY; DEPLOY,SCRY (3). DEPLOY: Draw the top 2 cards of your deck.,Arranges three. Draws two. Asks for nothing. The math checks out gloriously.,true,CORE,NO,
ast_sd_s8,Cosmic Bombardment,5,SPELL,ASTROMANCERS,COMMON,,,,,Deal 2 damage to all enemies. Draw a card for each enemy minion damaged.,Hurts them. Rewards you. Somehow this is fair because the stars said so.,true,CORE,NO,
ast_sd_s9,Knowledge is Power,5,SPELL,ASTROMANCERS,COMMON,,,,,Draw cards until you have 8 in hand.,Hand empty? Full refill. Hand almost full? Still draws one. Never disappointed. Never empty.,true,CORE,NO,
ast_sd_s10,Starfire,6,SPELL,ASTROMANCERS,COMMON,,,,,Deal damage equal to the number of cards in your hand.,"Full hand? Full damage. Draw more, hit harder. The nerds were right all along.",true,CORE,NO,
ast_sd_m10,Astral Familiar,2,MINION,ASTROMANCERS,COMMON,2,3,,,"Whenever you SCRY, gain +1/+1.",Gets bigger every time you peek at destiny. Curiosity didn\,true,CORE,NO,
ast_sd_st1,Observatory,3,STRUCTURE,ASTROMANCERS,COMMON,,,,,Start of Turn: SCRY (2).,Free future-peeking. Every. Single. Turn. It\,true,CORE,NO,
ast_sd_s11,DÉJÀ VU,2,SPELL,ASTROMANCERS,EPIC,,,,,Draw a card. Cast a copy of the last spell you played this turn.,Didn\,true,CORE,NO,
ast_sd_m11,PARADOX SCHOLAR,3,MINION,ASTROMANCERS,EPIC,3,5,,,"Whenever you SCRY, set the top card\",She breaks every rule of cosmic economics simultaneously. The Dean of Celestara has given up writing her citations.,true,CORE,NO,
ast_sd_st2,SINGULARITY ENGINE,5,STRUCTURE,ASTROMANCERS,EPIC,,,,,"Whenever you draw a card, deal 2 damage to a random enemy. At the end of your turn, draw a card for each enemy that died this turn.",Draws kill. Kills draw. It\,true,CORE,NO,
ast_m28,CELESTIAL ORACLE,8,MINION,ASTROMANCERS,LEGENDARY,6,8,,DEPLOY; SCRY,"STARFORGE -- After drawing 30 cards: Transform into ORACLE SUPREME -- 10/12. Whenever you draw a card, play the top card of your deck for free regardless of cost. SCRY (3) at start of each turn.",Sees everything. Plays everything. Pays for NOTHING. She filed taxes once. The IRS imploded.,true,CORE,YES,
ast_m29,ORACLE STELLARA,9,MINION,ASTROMANCERS,LEGENDARY,7,7,,DEPLOY,"STARFORGE -- After SCRYing 40 total cards: Transform into STELLARA, ALL-SEEING -- 10/10. Draw 3 cards per turn. Whenever you draw a card, play it immediately if it costs (3) or less. SCRY (10) at start of turn. Your hand has no maximum size.",She doesn\,true,CORE,YES,
ast_m30,THE BOOK OF INFINITY,8,MINION,ASTROMANCERS,LEGENDARY,0,12,,,STARFORGED -- enhanced. Gains enhanced abilities and BARRIER.,It contains every card ever printed. It\,true,CORE,YES,
ast_m31,ASTRAL ANARCHIST,4,MINION,ASTROMANCERS,LEGENDARY,3,3,,DEPLOY,STARFORGED -- 7/7. Gains enhanced abilities and BARRIER.,Shares knowledge freely. Shares COSTS less freely. The galaxy\,true,CORE,YES,
ast_s25,THE GRAND DESIGN,10,SPELL,ASTROMANCERS,LEGENDARY,,,,,STARFORGED -- enhanced. Gains enhanced abilities and BARRIER.,See everything. Take everything. Pay nothing. This is what happens when an astronomer reaches enlightenment.,true,CORE,YES,
chr_sd_m1,Temporal Conscript,1,MINION,CHRONOBOUND,COMMON,1,2,,ECHO,ECHO. (Can be played twice in one turn.),Drafted into the timeline. Showed up twice to orientation. Both of him passed.,true,CORE,NO,
chr_sd_s1,Chrono Spark,1,SPELL,CHRONOBOUND,COMMON,,,,ECHO,ECHO. Deal 1 damage.,One zap. Then another zap. The Chronobound don\,true,CORE,NO,
chr_sd_m2,Recall Agent,1,MINION,CHRONOBOUND,COMMON,2,1,,DEPLOY,DEPLOY: Return a friendly minion to your hand. It costs (1) less.,His job is pulling people out of the present. Don\,true,CORE,NO,
chr_sd_m3,Paradox Sparrow,1,MINION,CHRONOBOUND,COMMON,1,1,MECH,ECHO,ECHO. SWIFT.,Tick. Peck. Tock. Peck. Two birds. One timeline. Zero patience.,true,CORE,NO,
chr_sd_m4,Stutter Step,2,MINION,CHRONOBOUND,COMMON,3,2,,ECHO,ECHO.,Exists once. Then exists AGAIN. Same moment. Same 2/2. Twice the awkward eye contact.,true,CORE,NO,
chr_sd_m5,Rift Walker,2,MINION,CHRONOBOUND,COMMON,2,3,,DEPLOY,DEPLOY: All cards in your hand cost (1) less this turn.,Steps between seconds. Saves you a crystal. Temporal couponing is a real profession here.,true,CORE,NO,
chr_sd_s2,Accelerate,2,SPELL,CHRONOBOUND,COMMON,,,,,Give a friendly minion +2 Attack and remove summoning sickness.,Skip the warm-up. Skip the stretch. Skip STRAIGHT to violence. The Chronobound fast-pass.,true,CORE,NO,
chr_sd_m6,Flux Elemental,3,MINION,CHRONOBOUND,COMMON,3,3,ELEMENTAL,SWIFT; ECHO,ECHO.,Made of unstable time. Exists in two places at once. Gets confused at parties. Punches TWICE at fights.,true,CORE,NO,
chr_sd_m7,Sentinel of Seconds,3,MINION,CHRONOBOUND,COMMON,3,4,,GUARDIAN; ECHO,GUARDIAN. ECHO.,One wall. Then ANOTHER wall. Same wall. Twice. Your opponent just hit a temporal brick sandwich.,true,CORE,NO,
chr_sd_s3,Chrono Slash,3,SPELL,CHRONOBOUND,COMMON,,,,ECHO,ECHO. Deal 2 damage.,Cut once. Cut again. Same blade. Same second. Four damage total and the timeline didn\,true,CORE,NO,
chr_sd_m8,Moment Thief,3,MINION,CHRONOBOUND,COMMON,3,2,,SWIFT; DEPLOY,SWIFT. DEPLOY: Freeze a random enemy minion.,Steals your moment. Freezes your next one. She\,true,CORE,NO,
chr_sd_m9,Echo Enforcer,4,MINION,CHRONOBOUND,COMMON,4,5,,ECHO,ECHO.,A 4/4. Then ANOTHER 4/4. Same turn. Your opponent does the math. Opponent doesn\,true,CORE,NO,
chr_sd_s4,Déjà Vu,4,SPELL,CHRONOBOUND,COMMON,,,,,Copy the last card you played this turn. It costs (0).,Didn\,true,CORE,NO,
chr_sd_m10,Resonance Adept,4,MINION,CHRONOBOUND,COMMON,3,4,,,"Whenever you play an ECHO card, gain +2/+1.",Every echo makes her stronger. Double echoes make her TERRIFYING. Triple echoes? She doesn\,true,CORE,NO,
chr_sd_m11,Epoch Juggernaut,5,MINION,CHRONOBOUND,COMMON,6,5,,ECHO,ECHO.,Five mana. 5/5. Then ANOTHER 5/5. The Chronobound call this \,true,CORE,NO,
chr_sd_s5,Frozen Eternity,5,SPELL,CHRONOBOUND,COMMON,0,,,,Freeze all enemy minions. Draw a card for each frozen minion.,Their entire board: frozen solid. Your hand: STUFFED. Time stops for them. Cards flow for you.,true,CORE,NO,
chr_sd_m12,Loop Operative,5,MINION,CHRONOBOUND,COMMON,4,3,,DEPLOY,DEPLOY: Return a friendly minion to your hand. Replay it immediately for (0).,Picks it up. Puts it back. DEPLOY fires again. She\,true,CORE,NO,
chr_sd_m13,Epoch Striker,6,MINION,CHRONOBOUND,COMMON,6,6,,ECHO; SWIFT,ECHO. SWIFT.,Two 6/6s with SWIFT. Turn 10 is now Turn Over for your opponent. Two fists. Same second.,true,CORE,NO,
chr_sd_s6,Eternity Storm,7,SPELL,CHRONOBOUND,COMMON,,,,,Deal 5 damage to all enemies. Cast this again at the start of your next turn.,Hits now. Hits AGAIN next turn. You can\,true,CORE,NO,
chr_sd_st1,Hourglass Spire,2,STRUCTURE,CHRONOBOUND,COMMON,,,,,Your ECHO cards cost (1) less.,Tick tock. Tick DISCOUNT. Every grain of sand is a crystal you didn\,true,CORE,NO,
chr_sd_m14,Residual Echo,2,MINION,CHRONOBOUND,COMMON,2,1,,ECHO; LAST_WORDS,ECHO. LAST WORDS: Add a copy of this to your hand.,Dies. Returns to hand. Play it again. Dies. Returns. It\,true,CORE,NO,
chr_sd_m15,YESTERDAY\,2,MINION,CHRONOBOUND,EPIC,3,2,,ECHO; DEPLOY,ECHO. DEPLOY: Add a copy of the last friendly minion that died to your hand. It costs (1) less.,"Remembers the dead. Brings them back. TWICE, because ECHO. Your graveyard just became a recruitment office with a revolving temporal door.",true,CORE,NO,
chr_sd_s7,PARADOX BOMB,5,SPELL,CHRONOBOUND,EPIC,,,,ECHO,ECHO. Deal 4 damage to all enemy minions.,Four damage to everything. Then four MORE to everything. Eight total to the entire enemy board. The Chronobound call this \,true,CORE,NO,
chr_sd_st2,ECHO CHAMBER,4,STRUCTURE,CHRONOBOUND,EPIC,,,,,"Whenever you play an ECHO card, play it a THIRD time for free. Your ECHO cards cost (1) less.",Once. Twice. Thrice. Every echo gets a bonus encore. The Chamber doesn\,true,CORE,NO,
chr_m25,TIMESHAPER CHRONUS,9,MINION,CHRONOBOUND,LEGENDARY,6,8,,DEPLOY,"STARFORGE -- After playing 30 ECHO cards: Transform into CHRONUS, LORD OF TIME -- 10/10. ALL cards have ECHO and cost (2) less. ECHO replays cost (0). At start of turn, gain 2 extra Crystals. Take an extra turn every 3rd turn.",He didn\,true,CORE,YES,
chr_m26,THE ETERNITY ENGINE,8,MINION,CHRONOBOUND,LEGENDARY,0,15,MECH,,STARFORGED -- enhanced. Gains enhanced abilities and BARRIER.,Everything leaves. Everything returns. Everything is STRONGER. It\,true,CORE,YES,
chr_m27,PARADOX QUEEN VEXARA,6,MINION,CHRONOBOUND,LEGENDARY,4,6,,DEPLOY,STARFORGED -- 8/10. Gains enhanced abilities and BARRIER.,She duplicated her own crown. Then duplicated the duplication. Forty-seven thrones and she sits in ALL of them simultaneously.,true,CORE,YES,
chr_m28,AGENT ZERO,4,MINION,CHRONOBOUND,LEGENDARY,4,3,,SWIFT; ECHO; DEPLOY,STARFORGED -- 8/7. Gains enhanced abilities and BARRIER.,Arrives fast. Arrives TWICE. Makes everything free. The Chronobound\,true,CORE,YES,
chr_s28,THE FINAL SECOND,10,SPELL,CHRONOBOUND,LEGENDARY,,,,,STARFORGED -- enhanced. Gains enhanced abilities and BARRIER.,Two. Extra. Turns. Everything discounted. Everything echoes. The game was already over three seconds ago. This is the victory lap. Taken twice.,true,CORE,YES,
cog_ex1,Scrapyard Salvager,2,MINION,COGSMITHS,RARE,2,2,MECH,SALVAGE,SALVAGE (Last Words: Draw a card),One mech\,true,EXPANSION,NO,
cog_ex2,Overclock Engineer,3,MINION,COGSMITHS,RARE,3,3,MECH,UPGRADE; DEPLOY,UPGRADE(2): Give ALL friendly minions +2/+0. DEPLOY: Give a friendly Mech +2/+0,Push it to the limit!,true,EXPANSION,NO,
cog_ex3,Emergency Protocol,3,SPELL,COGSMITHS,RARE,0,3,,,Give all friendly minions +0/+3,Shields up!,true,EXPANSION,NO,
cog_ex4,Arc Welder,4,MINION,COGSMITHS,RARE,4,3,MECH,DEPLOY,DEPLOY: Deal 3 damage,Precision welding... or cutting.,true,EXPANSION,NO,
cog_ex5,Mech Assembly Line,4,SPELL,COGSMITHS,RARE,,,,,Summon three 2/2 Mechs,Mass production.,true,EXPANSION,NO,
cog_ex6,Titan Forgemaster,6,MINION,COGSMITHS,EPIC,5,7,MECH,GUARDIAN; DEPLOY,GUARDIAN. DEPLOY: Give all friendly minions +1/+1,Forges titans from scrap.,true,EXPANSION,NO,
cog_ex7,Magnetic Pulse Cannon,5,SPELL,COGSMITHS,EPIC,,,,,Deal 3 damage to all enemy minions,Electromagnetic devastation.,true,EXPANSION,NO,
cog_ex8,Prototype Colossus,7,MINION,COGSMITHS,EPIC,7,7,MECH,GUARDIAN; BARRIER,GUARDIAN. BARRIER,The ultimate prototype.,true,EXPANSION,NO,
cog_ex9,Mechronis Prime,8,MINION,COGSMITHS,LEGENDARY,6,8,MECH,GUARDIAN; DEPLOY; BARRIER; DOUBLE_STRIKE,GUARDIAN. DEPLOY: Summon three 2/2 Mechs with SWIFT,The heart of Mechronis awakens.,true,EXPANSION,YES,"STARFORGE — After summoning 8 minions: Transform into MECHRONIS ASCENDED — 12/16 with GUARDIAN, BARRIER, DOUBLE STRIKE."
cog_ex10,The Omega Engine,10,MINION,COGSMITHS,LEGENDARY,8,10,MECH,BARRIER; GUARDIAN; DEPLOY; DOUBLE_STRIKE,BARRIER. GUARDIAN. DEPLOY: Give all friendly minions +3/+3,The final creation.,true,EXPANSION,YES,STARFORGE — After casting 6 spells: Transform into THE SINGULARITY ENGINE — 16/20. Your army becomes unstoppable.
lum_ex1,Dawn Acolyte,2,MINION,LUMINAR,RARE,2,3,,ILLUMINATE,ILLUMINATE: Restore 1 Health to your Hero whenever you heal,Dawn brings hope.,true,EXPANSION,NO,
lum_ex2,Holy Smite,2,SPELL,LUMINAR,RARE,,,,,Deal 4 damage,Divine punishment.,true,EXPANSION,NO,
lum_ex3,Consecrated Shield,3,SPELL,LUMINAR,RARE,0,3,,,Give all friendly minions +0/+3,Protected by the light.,true,EXPANSION,NO,
lum_ex4,Radiant Templar,4,MINION,LUMINAR,RARE,3,5,,GUARDIAN; DRAIN,GUARDIAN. DRAIN,Heals as it fights.,true,EXPANSION,NO,
lum_ex5,Blessing of Solhaven,4,SPELL,LUMINAR,RARE,,,,,Restore 4 Health to all friendly characters,The sun blesses all.,true,EXPANSION,NO,
lum_ex6,Sunfire Avenger,5,MINION,LUMINAR,EPIC,5,5,,BARRIER; SWIFT,BARRIER. SWIFT,Avenges with sunfire.,true,EXPANSION,NO,
lum_ex7,Divine Judgment,6,SPELL,LUMINAR,EPIC,,,,,Destroy all enemy minions with 3 or less Attack,All are judged.,true,EXPANSION,NO,
lum_ex8,Archangel of Light,7,MINION,LUMINAR,EPIC,5,8,,GUARDIAN; BARRIER; DEPLOY,GUARDIAN. BARRIER. DEPLOY: Restore 8 Health to your Hero,An angel descends.,true,EXPANSION,NO,
lum_ex9,High Priestess Aurelia,8,MINION,LUMINAR,LEGENDARY,5,9,,GUARDIAN; DRAIN; BARRIER,GUARDIAN. DRAIN. End of Turn: Restore 3 Health to all friendly characters,High Priestess of Solhaven.,true,EXPANSION,YES,"STARFORGE — After healing 20 total Health: Transform into AURELIA, SAINT OF LIGHT — 10/18. Your army can never fall."
lum_ex10,"Solhaven, The Radiant",10,MINION,LUMINAR,LEGENDARY,7,12,,GUARDIAN; BARRIER; DRAIN; DOUBLE_STRIKE,GUARDIAN. BARRIER. DRAIN,The living sun.,true,EXPANSION,YES,STARFORGE — After healing 30 total Health: Transform into SOLHAVEN ETERNAL — 14/24. The undying sun.
pyro_ex1,Flame Imp,1,MINION,PYROCLAST,RARE,3,2,,SWIFT,SWIFT. DEPLOY: Deal 2 damage to YOUR Hero,Power has a price.,true,EXPANSION,NO,
pyro_ex2,Molten Barrage,2,SPELL,PYROCLAST,RARE,,,,,Deal 2 damage to a random enemy. Repeat twice,Lava rains down.,true,EXPANSION,NO,
pyro_ex3,Pyromaniac,3,MINION,PYROCLAST,RARE,3,2,,BLITZ; LAST_WORDS,BLITZ. Last Words: Deal 3 damage to all enemies,Burn it all!,true,EXPANSION,NO,
pyro_ex4,Searing Chains,3,SPELL,PYROCLAST,RARE,,,,,Deal 2 damage to all enemy minions,Chains of flame.,true,EXPANSION,NO,
pyro_ex5,Lava Golem,5,MINION,PYROCLAST,RARE,6,5,,BLITZ,BLITZ,Pure magma given form.,true,EXPANSION,NO,
pyro_ex6,Magma Elemental Lord,6,MINION,PYROCLAST,EPIC,6,5,,SWIFT; DEPLOY,SWIFT. DEPLOY: Deal 4 damage to a random enemy,Fire incarnate.,true,EXPANSION,NO,
pyro_ex7,Inferno Wave,6,SPELL,PYROCLAST,EPIC,,,,,Deal 4 damage to all enemies,Everything burns.,true,EXPANSION,NO,
pyro_ex8,Volcanic Titan,7,MINION,PYROCLAST,EPIC,7,6,,SWIFT; BLITZ,SWIFT. BLITZ,Erupts with fury.,true,EXPANSION,NO,
pyro_ex9,Ignaros the Burning,9,MINION,PYROCLAST,LEGENDARY,8,7,,SWIFT; DEPLOY; BLITZ; DOUBLE_STRIKE,SWIFT. DEPLOY: Deal 4 damage to all enemies,The living volcano.,true,EXPANSION,YES,"STARFORGE — After dealing 25 total damage: Transform into IGNAROS, WORLD BURNER — 16/14. Nothing survives the inferno."
pyro_ex10,Supernova,10,SPELL,PYROCLAST,LEGENDARY,,,,,Deal 8 damage to ALL characters,Total annihilation.,true,EXPANSION,NO,
void_ex1,Void Leech,2,MINION,VOIDBORN,RARE,2,3,,DRAIN,DRAIN,Drains life force.,true,EXPANSION,NO,
void_ex2,Null Field,2,SPELL,VOIDBORN,RARE,,,,,Silence a minion,Silence everything.,true,EXPANSION,NO,
void_ex3,Shadow Assassin,3,MINION,VOIDBORN,RARE,3,2,,CLOAK; BANE,CLOAK. BANE,Death from the void.,true,EXPANSION,NO,
void_ex4,Void Blast,3,SPELL,VOIDBORN,RARE,,,,,Deal 5 damage,A blast of nothingness.,true,EXPANSION,NO,
void_ex5,Entropy Weaver,4,MINION,VOIDBORN,RARE,4,4,,DEPLOY,DEPLOY: Give all enemy minions -1/-0,Weaves entropy.,true,EXPANSION,NO,
void_ex6,Void Colossus,6,MINION,VOIDBORN,EPIC,6,6,,DRAIN; GUARDIAN,DRAIN. GUARDIAN,The void made flesh.,true,EXPANSION,NO,
void_ex7,Void Rift,5,SPELL,VOIDBORN,EPIC,,,,BANISH,BANISH a minion (exile it). Draw a card,A rift to nowhere.,true,EXPANSION,NO,
void_ex8,Annihilator,7,MINION,VOIDBORN,EPIC,6,8,,DRAIN; DEPLOY,DRAIN. DEPLOY: Deal 2 damage to all enemy minions,Annihilates existence.,true,EXPANSION,NO,
void_ex9,Nullheim Sovereign,8,MINION,VOIDBORN,LEGENDARY,7,8,,DRAIN; BARRIER; CLOAK,DRAIN. BARRIER. End of Turn: Deal 2 damage to all enemy minions,Sovereign of the Void.,true,EXPANSION,YES,"STARFORGE — After 8 minions die: Transform into NULLHEIM, DEVOURER OF WORLDS — 14/16. The void feeds on death."
void_ex10,The Void Incarnate,10,MINION,VOIDBORN,LEGENDARY,8,10,,DRAIN; GUARDIAN; DEPLOY; BARRIER; BANE,DRAIN. GUARDIAN. DEPLOY: Destroy all enemy minions,The void itself.,true,EXPANSION,YES,STARFORGE — After banishing 5 cards: Transform into OBLIVION INCARNATE — 16/20. Nothing can exist near the void.
bio_ex1,Seedling Sprout,1,MINION,BIOTITANS,RARE,1,1,BEAST,LAST_WORDS,LAST WORDS: Summon two 1/1 Beasts,Death feeds growth.,true,EXPANSION,NO,
bio_ex2,Predator\,2,SPELL,BIOTITANS,RARE,3,1,,,Give a minion +3/+1,The hunt begins.,true,EXPANSION,NO,
bio_ex3,Primal Guardian,4,MINION,BIOTITANS,RARE,3,6,BEAST,GUARDIAN; DRAIN,GUARDIAN. DRAIN,Protects and sustains.,true,EXPANSION,NO,
bio_ex4,Overgrowth,3,SPELL,BIOTITANS,RARE,,,,,Gain 2 empty Mana Crystals,Nature accelerates.,true,EXPANSION,NO,
bio_ex5,Alpha Rex,5,MINION,BIOTITANS,RARE,4,5,BEAST,ADAPT,ADAPT: Choose 1 of 3 random bonuses,Evolves to survive.,true,EXPANSION,NO,
bio_ex6,Primeval Matriarch,6,MINION,BIOTITANS,EPIC,5,7,BEAST,DEPLOY,DEPLOY: Give all friendly minions +2/+1,Mother of all.,true,EXPANSION,NO,
bio_ex7,Extinction Event,6,SPELL,BIOTITANS,EPIC,,,,,Deal 4 damage to ALL minions,Only the strongest survive.,true,EXPANSION,NO,
bio_ex8,Titan Broodmother,7,MINION,BIOTITANS,EPIC,6,8,BEAST,GUARDIAN; DEPLOY,GUARDIAN. DEPLOY: Summon two 3/3 Beasts,Breeds giants.,true,EXPANSION,NO,
bio_ex9,Primeva World Tree,9,MINION,BIOTITANS,LEGENDARY,5,12,BEAST,GUARDIAN; BARRIER,GUARDIAN. Start of Turn: Restore 3 Health to all friendly characters,The tree of all life.,true,EXPANSION,YES,"STARFORGE — After healing 25 total Health: Transform into YGGDRASIL, TREE OF ETERNITY — 10/24. Life eternal."
bio_ex10,"Gaia, Titan Supreme",10,MINION,BIOTITANS,LEGENDARY,10,10,BEAST,GUARDIAN; SWIFT; DEPLOY; DOUBLE_STRIKE; BARRIER,GUARDIAN. SWIFT. DEPLOY: Give all friendly minions +2/+2,Mother Earth incarnate.,true,EXPANSION,YES,"STARFORGE — After summoning 10 minions: Transform into GAIA, THE LIVING WORLD — 20/20. The planet fights back."
crys_ex1,Mana Battery,1,MINION,CRYSTALLINE,RARE,1,2,,LAST_WORDS,LAST WORDS: Draw a card,Stores and releases.,true,EXPANSION,NO,
crys_ex2,Arcane Missiles,2,SPELL,CRYSTALLINE,RARE,,,,,Deal 1 damage to a random enemy three times,Three bolts of energy.,true,EXPANSION,NO,
crys_ex3,Mana Infusion,3,SPELL,CRYSTALLINE,RARE,,,,,Gain 2 Mana Crystals this turn only,Pure mana energy.,true,EXPANSION,NO,
crys_ex4,Crystal Golem,4,MINION,CRYSTALLINE,RARE,3,5,,RESONATE,RESONATE: Gain +1/+1 whenever you cast a spell,Resonates with spell energy.,true,EXPANSION,NO,
crys_ex5,Spell Surge,5,SPELL,CRYSTALLINE,RARE,,,,,Deal 3 damage to all enemy minions,A surge of arcane power.,true,EXPANSION,NO,
crys_ex6,Archmage of Prismora,6,MINION,CRYSTALLINE,EPIC,5,6,,BARRIER; DEPLOY,BARRIER. DEPLOY: Deal 5 damage,Master of crystal magic.,true,EXPANSION,NO,
crys_ex7,Mana Storm,7,SPELL,CRYSTALLINE,EPIC,,,,,Deal 5 damage to all enemies,A storm of pure mana.,true,EXPANSION,NO,
crys_ex8,Crystal Titan,8,MINION,CRYSTALLINE,EPIC,7,8,,BARRIER; DEPLOY,BARRIER. DEPLOY: Draw 2 cards,A titan of crystal.,true,EXPANSION,NO,
crys_ex9,"Prismora, The Infinite",9,MINION,CRYSTALLINE,LEGENDARY,7,9,,BARRIER; DOUBLE_STRIKE,BARRIER. End of Turn: Draw 2 cards,Infinite crystal wisdom.,true,EXPANSION,YES,"STARFORGE — After drawing 15 cards: Transform into PRISMORA, ARCANE INFINITY — 14/18. Infinite knowledge, infinite power."
crys_ex10,The Nexus Core,10,MINION,CRYSTALLINE,LEGENDARY,8,10,,BARRIER; GUARDIAN; DEPLOY; DOUBLE_STRIKE,BARRIER. GUARDIAN. DEPLOY: Deal 5 damage to all enemy minions,The heart of all magic.,true,EXPANSION,YES,STARFORGE — After casting 8 spells: Transform into THE NEXUS SINGULARITY — 16/20. Magic given ultimate form.
pc_ex1,Stowaway,1,MINION,PHANTOM_CORSAIRS,RARE,2,1,PIRATE,CLOAK,CLOAK. DEPLOY: Draw a card,Snuck aboard.,true,EXPANSION,NO,
pc_ex2,Walk the Plank,3,SPELL,PHANTOM_CORSAIRS,RARE,,,,,Destroy an enemy minion with 3 or less Attack,Off you go!,true,EXPANSION,NO,
pc_ex3,Ghost Ship Raider,3,MINION,PHANTOM_CORSAIRS,RARE,3,3,PIRATE,CLOAK; PHASE,CLOAK. PHASE (Can\,Phases through defenses.,true,EXPANSION,NO,
pc_ex4,Plunderer\,2,SPELL,PHANTOM_CORSAIRS,RARE,,,,,Draw 2 cards,X marks the spot.,true,EXPANSION,NO,
pc_ex5,Blade Dancer,4,MINION,PHANTOM_CORSAIRS,RARE,4,3,PIRATE,DOUBLE_STRIKE,DOUBLE STRIKE,"Two strikes, one dance.",true,EXPANSION,NO,
pc_ex6,Phantom Admiral,5,MINION,PHANTOM_CORSAIRS,EPIC,4,5,PIRATE,CLOAK; DEPLOY,CLOAK. DEPLOY: Give all friendly minions +1/+1,Commands from the shadows.,true,EXPANSION,NO,
pc_ex7,Dimensional Anchor,5,SPELL,PHANTOM_CORSAIRS,EPIC,,,,,Return all enemy minions to their hand,Anchor them elsewhere.,true,EXPANSION,NO,
pc_ex8,Corsair Flagship,7,MINION,PHANTOM_CORSAIRS,EPIC,6,7,PIRATE,CLOAK; DEPLOY,CLOAK. DEPLOY: Summon three 2/1 Ghost Pirates,The flagship arrives.,true,EXPANSION,NO,
pc_ex9,Netherstorm Pirate King,8,MINION,PHANTOM_CORSAIRS,LEGENDARY,7,7,PIRATE,CLOAK; DOUBLE_STRIKE; SWIFT; BANE,CLOAK. DOUBLE STRIKE,King of the void pirates.,true,EXPANSION,YES,STARFORGE — After attacking 6 times: Transform into THE NETHERSTORM EMPEROR — 14/14. The unseen blade strikes twice.
pc_ex10,The Phantom Fleet,10,SPELL,PHANTOM_CORSAIRS,LEGENDARY,,,,,Summon five 3/3 Ghost Pirates with SWIFT,The entire fleet materializes.,true,EXPANSION,NO,
hive_ex1,Egg Clutch,1,SPELL,HIVEMIND,RARE,,,,,Summon three 1/1 Drones,New drones emerge.,true,EXPANSION,NO,
hive_ex2,Parasitic Link,2,SPELL,HIVEMIND,RARE,,,,,Deal 3 damage. Draw a card,Feed on the enemy.,true,EXPANSION,NO,
hive_ex3,Swarm Queen\,3,MINION,HIVEMIND,RARE,2,4,INSECT,GUARDIAN; LAST_WORDS,GUARDIAN. LAST WORDS: Summon two 1/1 Drones,"Even in death, serves the queen.",true,EXPANSION,NO,
hive_ex4,Hive Mutation,3,SPELL,HIVEMIND,RARE,2,0,,,Give all friendly minions +2/+0,The swarm mutates.,true,EXPANSION,NO,
hive_ex5,Swarm Ravager,5,MINION,HIVEMIND,RARE,2,4,INSECT,SWARM; DEPLOY,SWARM. DEPLOY: Summon two 1/1 Drones,Ravages and spawns.,true,EXPANSION,NO,
hive_ex6,Hive Tyrant,6,MINION,HIVEMIND,EPIC,5,6,INSECT,DEPLOY,DEPLOY: Give all friendly minions +2/+1,Commands through pheromones.,true,EXPANSION,NO,
hive_ex7,Acid Storm,5,SPELL,HIVEMIND,EPIC,,,,,Deal 3 damage to all enemy minions,Acid rain melts all.,true,EXPANSION,NO,
hive_ex8,Mega Beetle,7,MINION,HIVEMIND,EPIC,7,7,INSECT,GUARDIAN; SWIFT,GUARDIAN. SWIFT,Unstoppable carapace.,true,EXPANSION,NO,
hive_ex9,Xenoptera Prime,9,MINION,HIVEMIND,LEGENDARY,6,9,INSECT,GUARDIAN; DEPLOY; BARRIER,GUARDIAN. DEPLOY: Summon five 1/1 Drones,Heart of the hive.,true,EXPANSION,YES,"STARFORGE — After summoning 12 minions: Transform into XENOPTERA, HIVE EMPEROR — 12/18. The swarm evolves beyond control."
hive_ex10,The Swarm Eternal,10,MINION,HIVEMIND,LEGENDARY,7,10,INSECT,GUARDIAN; DEPLOY; BARRIER; SWIFT,GUARDIAN. DEPLOY: Give all friendly minions +3/+3,The swarm is infinite.,true,EXPANSION,YES,STARFORGE — After 10 minions die: Transform into THE INFINITE SWARM — 14/20. Death feeds the swarm eternally.
astro_ex1,Stargazer,1,MINION,ASTROMANCERS,RARE,1,2,,DEPLOY,DEPLOY: Draw a card,Reads the stars.,true,EXPANSION,NO,
astro_ex2,Meteor Shower,3,SPELL,ASTROMANCERS,RARE,,,,,Deal 2 damage to all enemy minions,Stars fall from the sky.,true,EXPANSION,NO,
astro_ex3,Cosmic Insight,2,SPELL,ASTROMANCERS,RARE,,,,,Draw 2 cards,The cosmos reveals all.,true,EXPANSION,NO,
astro_ex4,Star Shaper,4,MINION,ASTROMANCERS,RARE,3,5,,SCRY,SCRY(3). Draw a card,Shapes starlight.,true,EXPANSION,NO,
astro_ex5,Constellation Guardian,5,MINION,ASTROMANCERS,RARE,4,6,,GUARDIAN; BARRIER,GUARDIAN. BARRIER,Guarded by the stars.,true,EXPANSION,NO,
astro_ex6,Celestial Prophet,6,MINION,ASTROMANCERS,EPIC,5,6,,DEPLOY,DEPLOY: Draw 3 cards,Sees the future.,true,EXPANSION,NO,
astro_ex7,Black Hole,6,SPELL,ASTROMANCERS,EPIC,,,,,Destroy ALL minions,Nothing escapes.,true,EXPANSION,NO,
astro_ex8,Cosmic Dragon,8,MINION,ASTROMANCERS,EPIC,7,8,,BARRIER; SWIFT,BARRIER. SWIFT,A dragon of pure starlight.,true,EXPANSION,NO,
astro_ex9,"Celestara, Star Mother",9,MINION,ASTROMANCERS,LEGENDARY,6,10,,BARRIER; GUARDIAN,BARRIER. Start of Turn: Draw 2 cards,Mother of all stars.,true,EXPANSION,YES,"STARFORGE — After drawing 20 cards: Transform into CELESTARA, MOTHER OF GALAXIES — 12/20. The stars align for you."
astro_ex10,The Cosmic Singularity,10,MINION,ASTROMANCERS,LEGENDARY,8,10,,BARRIER; GUARDIAN; DEPLOY; DOUBLE_STRIKE,BARRIER. GUARDIAN. DEPLOY: Draw 4 cards,All knowledge converges.,true,EXPANSION,YES,STARFORGE — After casting 10 spells: Transform into THE OMNISCIENT SINGULARITY — 16/20. All knowledge becomes power.
chrono_ex1,Time Skip,1,SPELL,CHRONOBOUND,RARE,,,,,Return a friendly minion to your hand,Skip through time.,true,EXPANSION,NO,
chrono_ex2,Temporal Echo,2,SPELL,CHRONOBOUND,RARE,,,,,Add a copy of a friendly minion to your hand,An echo from another time.,true,EXPANSION,NO,
chrono_ex3,Paradox Knight,3,MINION,CHRONOBOUND,RARE,3,3,,ECHO; BARRIER,ECHO. BARRIER,Exists outside time... twice.,true,EXPANSION,NO,
chrono_ex4,Time Warp,4,SPELL,CHRONOBOUND,RARE,,,,,Return all enemy minions to their hand,Time warps around you.,true,EXPANSION,NO,
chrono_ex5,Rift Guardian,5,MINION,CHRONOBOUND,RARE,4,7,,GUARDIAN; BARRIER,GUARDIAN. BARRIER,Guards temporal rifts.,true,EXPANSION,NO,
chrono_ex6,Temporal Overlord,6,MINION,CHRONOBOUND,EPIC,5,7,,BARRIER; DEPLOY,BARRIER. DEPLOY: Return an enemy minion to their hand,Commands time itself.,true,EXPANSION,NO,
chrono_ex7,Temporal Erasure,5,SPELL,CHRONOBOUND,EPIC,,,,,Destroy a minion. It cannot trigger LAST WORDS,Erased from the timeline.,true,EXPANSION,NO,
chrono_ex8,Infinity Knight,7,MINION,CHRONOBOUND,EPIC,6,8,,BARRIER; GUARDIAN; SWIFT,BARRIER. GUARDIAN. SWIFT,A knight from infinity.,true,EXPANSION,NO,
chrono_ex9,"Temporia, The Eternal",9,MINION,CHRONOBOUND,LEGENDARY,7,9,,BARRIER; DEPLOY; SWIFT; DOUBLE_STRIKE,BARRIER. DEPLOY: Return all enemy minions to their hand,The eternal time lord.,true,EXPANSION,YES,"STARFORGE — After surviving 3 turns: Transform into TEMPORIA, LORD OF ALL TIME — 14/18. Time itself bows."
chrono_ex10,The End of Time,10,SPELL,CHRONOBOUND,LEGENDARY,,,,,Destroy ALL minions. Draw 3 cards,Time ends. Everything ends.,true,EXPANSION,NO,
neut_ex1,Wandering Merchant,2,MINION,NEUTRAL,RARE,2,3,,DEPLOY,DEPLOY: Draw a card,Always has something.,true,EXPANSION,NO,
neut_ex2,Mercenary Captain,3,MINION,NEUTRAL,RARE,3,4,,SWIFT,SWIFT,Fights for coin.,true,EXPANSION,NO,
neut_ex3,Void Shield Generator,3,STRUCTURE,NEUTRAL,RARE,,,,,Start of Turn: Restore 2 Health to your Hero,Shields against the void.,true,EXPANSION,NO,
neut_ex4,Bounty Hunter,4,MINION,NEUTRAL,RARE,4,3,,BANE; SWIFT,BANE. SWIFT,Dead or alive.,true,EXPANSION,NO,
neut_ex5,Galactic Peacekeeper,4,MINION,NEUTRAL,RARE,3,6,,GUARDIAN; BARRIER,GUARDIAN. BARRIER,Peace through strength.,true,EXPANSION,NO,
neut_ex6,Supply Crate,2,SPELL,NEUTRAL,RARE,,,,,Draw 2 cards,Supplies from afar.,true,EXPANSION,NO,
neut_ex7,EMP Blast,4,SPELL,NEUTRAL,EPIC,,,,,Silence all minions,Systems offline.,true,EXPANSION,NO,
neut_ex8,Interstellar Behemoth,6,MINION,NEUTRAL,EPIC,6,7,,GUARDIAN,GUARDIAN,Massive beyond measure.,true,EXPANSION,NO,
neut_ex9,Ancient Titan,7,MINION,NEUTRAL,EPIC,7,7,,BARRIER; GUARDIAN,BARRIER. GUARDIAN,From the dawn of time.,true,EXPANSION,NO,
neut_ex10,Orbital Strike,5,SPELL,NEUTRAL,EPIC,,,,,Deal 3 damage to all enemy minions,From orbit.,true,EXPANSION,NO,
neut_ex11,Star Drifter,5,MINION,NEUTRAL,RARE,5,5,,DEPLOY,DEPLOY: Draw a card,Drifts between stars.,true,EXPANSION,NO,
neut_ex12,Cosmic Horror,8,MINION,NEUTRAL,LEGENDARY,8,8,,GUARDIAN; DEPLOY; BARRIER; DRAIN,GUARDIAN. DEPLOY: Deal 3 damage to all enemy minions,Terror from beyond.,true,EXPANSION,YES,STARFORGE — After 8 minions die: Transform into THE ELDRITCH ABOMINATION — 16/16. Sanity crumbles before it.
neut_ex13,Dimensional Rift,6,SPELL,NEUTRAL,LEGENDARY,,,,,Destroy ALL minions,A rift between dimensions.,true,EXPANSION,NO,
neut_ex14,Galactic Warlord,9,MINION,NEUTRAL,LEGENDARY,8,9,,BARRIER; SWIFT; DEPLOY; DOUBLE_STRIKE,BARRIER. SWIFT. DEPLOY: Give all friendly minions +2/+2,Commands the galaxy.,true,EXPANSION,YES,STARFORGE — After attacking 8 times: Transform into GALACTIC EMPEROR — 16/18. The galaxy kneels.
neut_ex15,The Starforge,10,MINION,NEUTRAL,LEGENDARY,10,10,,BARRIER; GUARDIAN; DOUBLE_STRIKE,BARRIER. GUARDIAN. Start of Turn: Give all friendly minions +1/+1,Where stars are born.,true,EXPANSION,YES,STARFORGE — After surviving 3 turns: Transform into THE STARFORGE AWAKENED — 20/20. Stars are born in its light.